crew_id,stayover_outstation_count,deadhead_count,deadhead_position_count,inconsistent_location_count,insufficient_transfer_count,flight_task_limit,duty_task_limit,flight_time_limit,rest_time_limit,duty_time_limit,cycle_rule_count,total_duty_time_limit,unqualified_crew_count,total_duty_days,total_flight_time
Crew_10002,0,0,0,0,0,0,0,0,0,0,0,0,0,0,0.0
Crew_10003,6,0,0,0,0,0,0,0,0,0,0,0,0,4,22.133333333333333
Crew_10004,0,0,0,0,0,0,0,0,0,0,0,0,0,1,6.083333333333334
Crew_10005,5,0,0,0,0,0,0,0,0,0,0,0,0,4,27.98333333333333
Crew_10006,4,0,0,0,0,0,0,0,0,1,2,0,0,6,35.599999999999994
Crew_10007,5,0,0,0,0,0,0,0,0,0,0,0,0,4,24.25
Crew_10010,7,0,0,0,0,0,0,0,0,0,0,0,0,4,21.9
Crew_10012,6,0,0,0,0,0,0,0,0,0,0,0,0,3,16.76666666666667
Crew_10013,0,0,0,0,0,0,0,0,0,0,0,0,0,0,0.0
Crew_10014,5,0,0,0,0,0,0,0,0,0,0,0,0,4,24.849999999999998
Crew_10015,1,0,0,0,0,0,0,0,0,0,2,0,0,6,33.68333333333334
Crew_10016,0,0,0,0,0,0,0,0,0,0,0,0,0,0,0.0
Crew_10017,0,0,0,0,0,0,0,0,0,0,2,0,0,6,43.550000000000004
Crew_10018,6,0,0,0,0,0,0,0,0,0,0,0,0,4,23.95
Crew_10019,3,0,0,0,0,0,0,0,0,0,0,0,0,3,18.0
Crew_10020,6,0,0,0,0,0,0,0,0,0,0,0,0,4,26.316666666666666
Crew_10023,5,0,0,0,0,0,0,0,0,0,0,0,0,4,26.583333333333332
Crew_10024,5,0,0,0,0,0,0,0,0,0,0,0,0,3,19.366666666666667
Crew_10025,3,0,0,0,0,0,0,0,0,0,2,0,0,6,37.25000000000001
Crew_10026,6,0,0,1,0,0,0,0,0,0,0,0,0,4,25.31666666666667
Crew_10028,5,0,0,0,0,0,0,0,0,0,0,0,0,5,23.85
Crew_10029,4,0,0,0,0,0,0,0,0,0,0,0,0,4,23.150000000000002
Crew_10030,6,0,0,0,0,0,0,0,0,0,0,0,0,4,25.8
Crew_10031,6,0,0,0,0,0,0,0,0,0,0,0,0,4,29.116666666666664
Crew_10032,0,0,0,0,0,0,0,0,0,0,0,0,0,0,0.0
Crew_10033,7,0,0,0,0,0,0,0,0,0,0,0,0,4,27.383333333333333
Crew_10034,5,0,0,0,0,0,0,0,0,0,0,0,0,4,26.166666666666668
Crew_10035,0,0,0,0,0,0,0,0,0,0,0,0,0,1,6.8999999999999995
Crew_10037,6,0,0,0,0,0,0,0,0,0,0,0,0,4,24.51666666666667
Crew_10040,6,0,0,0,0,0,0,0,0,0,0,0,0,4,28.01666666666667
Crew_10041,6,0,0,0,0,0,0,0,0,0,0,0,0,4,20.283333333333335
Crew_10043,5,0,0,0,0,0,0,0,0,0,0,0,0,4,26.533333333333335
Crew_10044,5,0,0,0,0,0,0,0,0,0,0,0,0,4,26.249999999999996
Crew_10045,5,0,0,0,0,0,0,0,0,0,0,0,0,3,18.166666666666668
Crew_10046,0,0,0,0,0,0,0,0,0,0,0,0,0,0,0.0
Crew_10047,6,0,0,0,0,0,0,0,0,0,0,0,0,4,25.983333333333334
Crew_10048,1,0,0,0,0,0,0,0,0,0,0,0,0,1,1.5666666666666667
Crew_10049,4,0,0,0,0,0,0,0,0,0,0,0,0,2,12.583333333333332
Crew_10050,5,0,0,0,0,0,0,0,0,0,0,0,0,4,22.75
Crew_10051,1,0,0,0,0,0,0,0,0,0,0,0,0,1,4.516666666666667
Crew_10052,6,0,0,1,0,0,0,0,0,0,0,0,0,4,25.05
Crew_10053,7,0,0,0,0,0,0,0,0,0,0,0,0,4,27.066666666666666
Crew_10054,1,0,0,0,0,0,0,0,0,0,0,0,0,2,13.316666666666666
Crew_10055,6,0,0,0,0,0,0,0,0,0,0,0,0,4,28.85
Crew_10056,6,0,0,0,0,0,0,0,0,0,0,0,0,4,20.55
Crew_10057,6,0,0,0,0,0,0,0,0,0,0,0,0,1,6.833333333333333
Crew_10059,6,0,0,0,0,0,0,0,0,0,0,0,0,4,26.133333333333333
Crew_10061,7,0,0,0,0,0,0,0,0,0,0,0,0,4,27.083333333333332
Crew_10062,7,0,0,1,0,0,0,0,0,0,0,0,0,4,28.283333333333335
Crew_10065,0,0,0,0,0,0,0,0,0,0,0,0,0,0,0.0
Crew_10066,6,0,0,0,0,0,0,0,0,0,1,0,0,5,26.799999999999997
Crew_10067,2,0,0,0,0,0,0,0,0,0,0,0,0,3,22.683333333333334
Crew_10069,5,0,0,0,0,0,0,0,0,0,0,0,0,4,26.866666666666664
Crew_10070,7,0,0,0,0,0,0,0,0,0,0,0,0,4,28.733333333333338
Crew_10071,5,0,0,0,0,0,0,0,0,0,1,0,0,5,26.200000000000003
Crew_10072,0,0,0,0,0,0,0,0,0,0,0,0,0,0,0.0
Crew_10073,5,0,0,0,0,0,0,0,0,0,0,0,0,3,18.583333333333332
Crew_10074,0,0,0,0,0,0,0,0,0,0,0,0,0,0,0.0
Crew_10075,2,0,0,0,0,0,0,0,0,0,2,0,0,6,30.933333333333334
Crew_10077,2,0,0,0,0,0,0,0,0,0,0,0,0,4,20.483333333333334
Crew_10078,5,0,0,0,0,0,0,0,0,0,0,0,0,4,22.499999999999996
Crew_10079,4,0,0,0,0,0,0,0,0,0,0,0,0,4,25.46666666666667
Crew_10080,6,0,0,0,0,0,0,0,0,0,0,0,0,4,24.349999999999998
Crew_10082,6,0,0,0,0,0,0,0,0,0,0,0,0,4,28.666666666666664
Crew_10086,0,0,0,0,0,0,0,0,0,0,0,0,0,1,7.700000000000001
Crew_10087,2,0,0,0,0,0,0,0,0,0,0,0,0,5,19.53333333333333
Crew_10088,0,0,0,0,0,0,0,0,0,0,0,0,0,0,0.0
Crew_10089,4,0,0,0,0,0,0,0,0,0,0,0,0,4,26.166666666666664
Crew_10090,0,0,0,0,0,0,0,0,0,0,0,0,0,1,5.55
Crew_10092,5,0,0,0,0,0,0,0,0,0,0,0,0,4,22.349999999999998
Crew_10093,0,0,0,0,0,0,0,0,0,0,0,0,0,2,14.533333333333333
Crew_10094,0,1,0,0,0,0,0,0,0,0,0,0,0,0,0.0
Crew_10095,4,0,0,0,0,0,0,0,0,0,0,0,0,4,25.066666666666666
Crew_10096,6,0,0,0,0,0,0,0,0,0,0,0,0,4,26.916666666666668
Crew_10097,0,0,0,0,0,0,0,0,0,0,0,0,0,3,22.05
Crew_10098,2,0,0,0,0,0,0,0,0,0,0,0,0,3,14.266666666666666
Crew_10099,0,0,0,0,0,0,0,0,0,0,0,0,0,1,5.8
Crew_10100,0,0,0,0,0,0,0,0,0,0,0,0,0,0,0.0
Crew_10101,5,0,0,0,0,0,0,0,0,0,0,0,0,4,20.066666666666666
Crew_10103,7,0,0,0,0,0,0,0,0,0,0,0,0,4,23.183333333333334
Crew_10104,0,1,0,0,0,0,0,0,0,0,0,0,0,0,0.0
Crew_10105,0,0,0,0,0,0,0,0,0,0,1,0,0,2,10.216666666666667
Crew_10106,6,0,0,0,0,0,0,0,0,0,0,0,0,4,22.833333333333332
Crew_10107,7,0,0,0,0,0,0,0,0,0,0,0,0,3,21.100000000000005
Crew_10108,2,0,0,0,0,0,0,0,0,0,2,0,0,6,33.133333333333326
Crew_10109,5,0,0,0,0,0,0,0,0,0,0,0,0,4,27.93333333333333
Crew_10110,5,0,0,0,0,0,0,0,0,0,0,0,0,4,25.28333333333333
Crew_10113,0,1,0,0,0,0,0,0,0,0,0,0,0,0,0.0
Crew_10114,6,0,0,0,0,0,0,0,0,0,0,0,0,4,24.900000000000002
Crew_10115,7,0,0,0,0,0,0,0,0,0,0,0,0,4,28.083333333333332
Crew_10116,7,0,0,0,0,0,0,0,0,0,0,0,0,4,22.7
Crew_10117,6,0,0,0,0,0,0,0,0,0,0,0,0,4,22.450000000000003
Crew_10118,4,0,0,0,0,0,0,0,0,0,0,0,0,4,23.85
Crew_10119,5,0,0,0,0,0,0,0,0,0,0,0,0,4,21.266666666666666
Crew_10120,0,0,0,0,0,0,0,0,0,0,0,0,0,1,6.883333333333333
Crew_10123,6,0,0,0,0,0,0,0,0,0,0,0,0,4,16.68333333333333
Crew_10124,7,0,0,0,0,0,0,0,0,0,0,0,0,4,24.4
Crew_10125,7,0,0,0,0,0,0,0,0,0,0,0,0,4,24.383333333333333
Crew_10126,7,0,0,0,0,0,0,0,0,0,0,0,0,3,21.133333333333333
Crew_10127,6,0,0,0,0,0,0,0,0,0,0,0,0,4,23.43333333333333
Crew_10128,2,0,0,0,0,0,0,0,0,0,2,0,0,6,31.78333333333333
Crew_10129,6,0,0,0,0,0,0,0,0,0,0,0,0,4,23.516666666666666
Crew_10131,3,0,0,0,0,0,0,0,0,0,0,0,0,5,29.133333333333333
Crew_10133,5,0,0,0,0,0,0,0,0,0,0,0,0,4,26.916666666666664
Crew_10134,8,1,0,0,0,0,0,0,0,0,0,0,0,0,0.0
Crew_10135,6,0,0,0,0,0,0,0,0,0,0,0,0,4,24.000000000000004
Crew_10136,0,0,0,0,0,0,0,0,0,0,0,0,0,1,7.2
Crew_10137,4,0,0,0,0,0,0,0,0,0,2,0,0,6,34.26666666666666
Crew_10138,6,0,0,0,0,0,0,0,0,0,1,0,0,5,20.849999999999998
Crew_10139,4,0,0,0,0,0,0,0,0,0,0,0,0,4,17.316666666666666
Crew_10140,0,0,0,0,0,0,0,0,0,0,0,0,0,0,0.0
Crew_10141,6,0,0,0,0,0,0,0,0,0,0,0,0,4,23.416666666666668
Crew_10142,7,0,0,0,0,0,0,0,0,0,0,0,0,3,18.45
Crew_10143,2,0,0,0,0,0,0,0,0,0,0,0,0,5,29.333333333333332
Crew_10145,6,0,0,0,0,0,0,0,0,0,0,0,0,4,28.63333333333333
Crew_10146,0,0,0,0,0,0,0,0,0,0,0,0,0,1,7.933333333333333
Crew_10147,7,0,0,0,0,0,0,0,0,0,0,0,0,4,19.45
Crew_10148,4,0,0,0,0,0,0,0,0,0,0,0,0,4,22.900000000000002
Crew_10150,6,0,0,0,0,0,0,0,0,0,0,0,0,4,25.166666666666664
Crew_10151,6,0,0,0,0,0,0,0,0,0,0,0,0,4,21.616666666666667
Crew_10152,6,0,0,0,0,0,0,0,0,0,0,0,0,4,19.85
Crew_10153,4,0,0,0,0,0,0,0,0,0,1,0,0,5,21.249999999999996
Crew_10155,5,0,0,0,0,0,0,0,0,0,0,0,0,4,24.28333333333333
Crew_10156,5,0,0,0,0,0,0,0,0,0,0,0,0,4,18.566666666666666
Crew_10157,0,0,0,0,0,0,0,0,0,0,0,0,0,0,0.0
Crew_10158,0,0,0,0,0,0,0,0,0,0,0,0,0,0,0.0
Crew_10159,4,0,0,0,0,0,0,0,0,0,0,0,0,3,19.2
Crew_10160,4,0,0,0,0,0,0,0,0,0,2,0,0,6,29.933333333333334
Crew_10162,6,0,0,0,0,0,0,0,0,0,0,0,0,4,24.400000000000002
Crew_10163,4,0,0,0,0,0,0,0,0,0,0,0,0,4,18.283333333333335
Crew_10165,2,0,0,0,0,0,0,0,0,0,0,0,0,3,19.633333333333333
Crew_10166,0,1,0,0,0,0,0,0,0,0,0,0,0,0,0.0
Crew_10167,4,0,0,0,0,0,0,0,0,0,0,0,0,4,17.95
Crew_10168,0,0,0,0,0,0,0,0,0,0,0,0,0,0,0.0
Crew_10169,0,0,0,0,0,0,0,0,0,0,0,0,0,0,0.0
Crew_10171,2,0,0,0,0,0,0,0,0,0,2,0,0,6,32.266666666666666
Crew_10172,0,0,0,0,0,0,0,0,0,0,0,0,0,0,0.0
Crew_10173,4,0,0,0,0,0,0,0,0,0,0,0,0,4,20.48333333333333
Crew_10174,8,1,0,0,0,0,0,0,0,0,0,0,0,0,0.0
Crew_10176,3,0,0,0,0,0,0,0,0,0,1,0,0,6,33.416666666666664
Crew_10177,4,0,0,0,0,0,0,0,0,0,0,0,0,4,22.633333333333333
Crew_10178,6,0,0,0,0,0,0,0,0,0,0,0,0,3,20.03333333333333
Crew_10179,5,0,0,0,0,0,0,0,0,0,0,0,0,4,17.983333333333334
Crew_10180,6,0,0,0,0,0,0,0,0,0,0,0,0,4,18.56666666666667
Crew_10181,7,0,0,0,0,0,0,0,0,0,0,0,0,4,23.383333333333336
Crew_10182,5,0,0,0,0,0,0,0,0,0,0,0,0,5,20.366666666666667
Crew_10184,6,0,0,0,0,0,0,0,0,0,0,0,0,4,17.0
Crew_10185,7,0,0,0,0,0,0,0,0,0,0,0,0,4,22.550000000000004
Crew_10186,5,0,0,0,0,0,0,0,0,0,2,0,0,6,28.66666666666667
Crew_10187,1,0,0,0,0,0,0,0,0,0,1,0,0,3,16.900000000000002
Crew_10190,7,0,0,0,0,0,0,0,0,0,0,0,0,4,25.883333333333336
Crew_10191,3,0,0,0,0,0,0,0,0,0,2,0,0,6,30.233333333333334
Crew_10192,4,0,0,0,0,0,0,0,0,0,0,0,0,4,22.48333333333333
Crew_10193,0,0,0,0,0,0,0,0,0,0,0,0,0,1,6.416666666666666
Crew_10195,4,0,0,0,0,0,0,0,0,0,0,0,0,4,17.916666666666668
Crew_10196,6,0,0,0,0,0,0,0,0,0,0,0,0,4,27.8
Crew_10197,5,0,0,0,0,0,0,0,0,0,0,0,0,4,20.166666666666664
Crew_10198,6,0,0,0,0,0,0,0,0,0,0,0,0,4,16.833333333333332
Crew_10199,5,0,0,0,0,0,0,0,0,0,0,0,0,3,13.583333333333334
Crew_10200,4,1,0,0,0,0,0,0,0,0,0,0,0,0,0.0
Crew_10201,0,0,0,0,0,0,0,0,0,0,0,0,0,0,0.0
Crew_10202,0,0,0,0,0,0,0,0,0,0,0,0,0,1,7.616666666666667
Crew_10204,0,0,0,0,0,0,0,0,0,0,0,0,0,0,0.0
Crew_10205,6,0,0,0,0,0,0,0,0,0,0,0,0,4,20.266666666666666
Crew_10206,4,0,0,0,0,0,0,0,0,0,0,0,0,4,25.81666666666667
Crew_10207,5,0,0,0,0,0,0,0,0,0,0,0,0,4,19.0
Crew_10209,5,0,0,0,0,0,0,0,0,0,0,0,0,4,19.61666666666667
Crew_10210,3,0,0,0,0,0,0,0,0,0,1,0,0,5,26.08333333333333
Crew_10211,4,0,0,0,0,0,0,0,0,0,0,0,0,4,23.96666666666667
Crew_10212,6,0,0,0,0,0,0,0,0,0,0,0,0,4,20.0
Crew_10213,0,0,0,0,0,0,0,0,0,0,0,0,0,0,0.0
Crew_10215,0,0,0,0,0,0,0,0,0,0,2,0,0,6,40.550000000000004
Crew_10216,5,0,0,0,0,0,0,0,0,0,0,0,0,3,12.149999999999999
Crew_10217,0,0,0,0,0,0,0,0,0,0,0,0,0,0,0.0
Crew_10218,5,0,0,0,0,0,0,0,0,0,0,0,0,4,24.25
Crew_10219,4,0,0,0,0,0,0,0,0,0,1,0,0,5,20.099999999999998
Crew_10220,5,0,0,0,0,0,0,0,0,0,0,0,0,3,15.150000000000002
Crew_10221,3,0,0,0,0,0,0,0,0,0,0,0,0,4,24.116666666666667
Crew_10223,2,0,0,0,0,0,0,0,0,0,0,0,0,5,26.133333333333326
Crew_10224,5,0,0,0,0,0,0,0,0,0,0,0,0,4,18.899999999999995
Crew_10225,0,0,0,0,0,0,0,0,0,0,0,0,0,1,5.583333333333334
Crew_10226,6,0,0,0,0,0,0,0,0,0,0,0,0,2,13.133333333333333
Crew_10227,6,0,0,0,0,0,0,0,0,0,0,0,0,4,23.78333333333333
Crew_10228,3,0,0,0,0,0,0,0,0,0,0,0,0,5,30.5
Crew_10231,5,0,0,0,0,0,0,0,0,0,0,0,0,4,13.883333333333333
Crew_10232,0,0,0,0,0,0,0,0,0,0,0,0,0,0,0.0
Crew_10233,6,0,0,0,0,0,0,0,0,0,0,0,0,3,17.65
Crew_10237,0,0,0,0,0,0,0,0,0,0,0,0,0,0,0.0
Crew_10239,4,0,0,0,0,0,0,0,0,0,0,0,0,4,17.2
Crew_10241,4,0,0,0,0,0,0,0,0,0,0,0,0,5,16.433333333333334
Crew_10242,1,0,0,0,0,0,0,0,0,0,1,0,0,1,3.0999999999999996
Crew_10243,2,0,0,0,0,0,0,0,0,0,0,0,0,3,19.55
Crew_10244,3,0,0,0,0,0,0,0,0,0,2,0,0,6,21.299999999999997
Crew_10249,4,0,0,0,0,0,0,0,0,0,0,0,0,4,18.016666666666666
Crew_10250,6,0,0,0,0,0,0,0,0,0,0,0,0,4,17.283333333333335
Crew_10251,4,0,0,0,0,0,0,0,0,0,0,0,0,3,17.233333333333334
Crew_10252,6,0,0,0,0,0,0,0,0,0,0,0,0,3,16.716666666666665
Crew_10253,0,0,0,0,0,0,0,0,0,0,0,0,0,0,0.0
Crew_10254,6,0,0,0,0,0,0,0,0,0,0,0,0,1,1.85
Crew_10255,0,0,0,0,0,0,0,0,0,0,0,0,0,0,0.0
Crew_10256,5,0,0,0,0,0,0,0,0,0,0,0,0,3,17.2
Crew_10257,4,0,0,0,0,0,0,0,0,0,0,0,0,4,22.599999999999998
Crew_10258,4,0,0,0,0,0,0,0,0,0,0,0,0,3,17.950000000000003
Crew_10261,6,0,0,1,0,0,0,0,0,0,0,0,0,4,24.266666666666666
Crew_10262,4,0,0,0,0,0,0,0,0,0,0,0,0,4,14.283333333333333
Crew_10263,6,0,0,0,0,0,0,0,0,0,1,0,0,4,19.066666666666666
Crew_10265,5,0,0,0,0,0,0,0,0,0,0,0,0,2,9.95
Crew_10266,4,0,0,0,0,0,0,0,0,0,0,0,0,4,16.48333333333333
Crew_10267,2,0,0,0,0,0,0,0,0,0,0,0,0,1,7.533333333333333
Crew_10268,5,0,0,0,0,0,0,0,0,0,0,0,0,4,11.85
Crew_10269,4,0,0,0,0,0,0,0,0,0,0,0,0,4,19.8
Crew_10270,0,0,0,0,0,0,0,0,0,0,0,0,0,2,15.566666666666666
Crew_10271,7,0,0,0,0,0,0,0,0,0,0,0,0,2,8.133333333333333
Crew_10272,6,0,0,0,0,0,0,0,0,0,0,0,0,3,12.566666666666666
Crew_10274,0,0,0,0,0,0,0,0,0,0,0,0,0,1,6.766666666666667
Crew_10275,4,0,0,0,0,0,0,0,0,0,0,0,0,4,23.049999999999997
Crew_10276,1,0,0,0,0,0,0,0,0,0,0,0,0,2,9.616666666666667
Crew_10277,4,0,0,0,0,0,0,0,0,0,0,0,0,1,1.8833333333333333
Crew_10278,5,0,0,0,0,0,0,0,0,0,0,0,0,4,15.216666666666669
Crew_10279,4,0,0,0,0,0,0,0,0,0,0,0,0,4,20.5
Crew_10280,4,0,0,0,0,0,0,0,0,0,0,0,0,4,20.849999999999998
Crew_10281,0,0,0,0,0,0,0,0,0,0,0,0,0,0,0.0
Crew_10282,0,0,0,0,0,0,0,0,0,0,0,0,0,0,0.0
Crew_10283,0,0,0,0,0,0,0,0,0,0,0,0,0,1,5.183333333333334
Crew_10284,6,1,0,1,0,0,0,0,0,0,0,0,0,0,0.0
Crew_10285,4,0,0,0,0,0,0,0,0,0,0,0,0,2,11.233333333333334
Crew_10287,4,0,0,0,0,0,0,0,0,0,0,0,0,4,17.5
Crew_10288,5,0,0,0,0,0,0,0,0,0,0,0,0,3,17.35
Crew_10291,1,0,0,0,0,0,0,0,0,0,0,0,0,2,15.299999999999999
Crew_10292,7,0,0,0,0,0,0,0,0,0,0,0,0,3,14.533333333333333
Crew_10293,7,0,0,0,0,0,0,0,0,0,0,0,0,3,19.133333333333333
Crew_10294,5,0,0,0,0,0,0,0,0,0,0,0,0,2,13.616666666666667
Crew_10295,5,0,0,0,0,0,0,0,0,0,0,0,0,4,19.266666666666666
Crew_10297,6,0,0,0,0,0,0,0,0,0,0,0,0,4,22.13333333333333
Crew_10299,0,0,0,0,0,0,0,0,0,0,0,0,0,5,34.51666666666667
Crew_10300,5,0,0,0,0,0,0,0,0,0,0,0,0,3,10.583333333333332
Crew_10301,4,0,0,0,0,0,0,0,0,0,0,0,0,3,10.066666666666666
Crew_10302,0,0,0,0,0,0,0,0,0,0,0,0,0,0,0.0
Crew_10303,2,0,0,0,0,0,0,0,0,0,0,0,0,3,16.25
Crew_10304,2,0,0,0,0,0,0,0,0,0,1,0,0,5,17.6
Crew_10305,6,0,0,0,0,0,0,0,0,0,1,0,0,5,17.366666666666664
Crew_10306,5,0,0,0,0,0,0,0,0,0,0,0,0,5,20.083333333333332
Crew_10308,0,0,0,0,0,0,0,0,0,0,0,0,0,0,0.0
Crew_10310,4,0,0,0,0,0,0,0,0,0,0,0,0,4,13.216666666666665
Crew_10311,4,0,0,0,0,0,0,0,0,0,0,0,0,4,11.883333333333333
Crew_10312,0,0,0,0,0,0,0,0,0,0,0,0,0,0,0.0
Crew_10313,0,0,0,0,0,0,0,0,0,0,0,0,0,0,0.0
Crew_10314,3,0,0,0,0,0,0,0,0,0,0,0,0,4,23.216666666666665
Crew_10316,5,0,0,0,0,0,0,0,0,0,0,0,0,3,11.566666666666668
Crew_10317,6,0,0,0,0,0,0,0,0,0,0,0,0,1,6.466666666666667
Crew_10318,0,0,0,0,0,0,0,0,0,0,0,0,0,0,0.0
Crew_10319,2,0,0,0,0,0,0,0,0,0,2,0,0,5,29.483333333333334
Crew_10321,3,0,0,0,0,0,0,0,0,0,2,0,0,5,26.78333333333333
Crew_10322,0,0,0,0,0,0,0,0,0,0,0,0,0,0,0.0
Crew_10323,5,0,0,0,0,0,0,0,0,0,0,0,0,2,4.483333333333333
Crew_10325,2,0,0,0,0,0,0,0,0,0,0,0,0,5,21.333333333333332
Crew_10327,6,0,0,0,0,0,0,0,0,0,0,0,0,4,12.566666666666666
Crew_10328,2,0,0,0,0,0,0,0,0,0,0,0,0,5,26.716666666666665
Crew_10329,0,0,0,0,0,0,0,0,0,0,0,0,0,1,6.416666666666666
Crew_10330,5,0,0,0,0,0,0,0,0,0,0,0,0,3,11.716666666666667
Crew_10332,7,0,0,0,0,0,0,0,0,0,0,0,0,1,6.016666666666667
Crew_10333,5,0,0,0,0,0,0,0,0,0,0,0,0,2,10.65
Crew_10334,0,0,0,0,0,0,0,0,0,0,0,0,0,0,0.0
Crew_10335,4,0,0,0,0,0,0,0,0,0,1,0,0,5,16.5
Crew_10336,3,0,0,0,0,0,0,0,0,0,0,0,0,4,12.816666666666666
Crew_10337,5,0,0,0,0,0,0,0,0,0,0,0,0,4,17.75
Crew_10338,5,0,0,0,0,0,0,0,0,0,0,0,0,4,17.883333333333333
Crew_10341,0,0,0,0,0,0,0,0,0,0,0,0,0,1,4.566666666666666
Crew_10342,7,0,0,0,0,0,0,0,0,0,0,0,0,3,12.883333333333333
Crew_10343,5,0,0,0,0,0,0,0,0,0,0,0,0,3,16.549999999999997
Crew_10344,5,0,0,0,0,0,0,0,0,0,0,0,0,4,13.649999999999999
Crew_10345,7,0,0,0,0,0,0,0,0,0,0,0,0,3,15.783333333333335
Crew_10346,0,0,0,0,0,0,0,0,0,0,0,0,0,0,0.0
Crew_10347,6,0,0,0,0,0,0,0,0,0,0,0,0,4,17.516666666666666
Crew_10348,5,0,0,0,0,0,0,0,0,0,0,0,0,3,13.399999999999999
Crew_10350,7,0,0,0,0,0,0,0,0,0,0,0,0,4,16.766666666666666
Crew_10351,4,0,0,0,0,0,0,0,0,0,0,0,0,3,17.716666666666665
Crew_10352,6,0,0,0,0,0,0,0,0,0,0,0,0,4,13.416666666666668
Crew_10353,5,0,0,1,0,0,0,0,0,0,0,0,0,4,20.516666666666666
Crew_10354,5,0,0,0,0,0,0,0,0,0,0,0,0,4,20.516666666666666
Crew_10355,5,0,0,0,0,0,0,0,0,0,0,0,0,4,15.516666666666666
Crew_10356,5,0,0,0,0,0,0,0,0,0,1,0,0,5,12.666666666666666
Crew_10357,2,0,0,0,0,0,0,0,0,0,0,0,0,2,14.133333333333333
Crew_10359,6,0,0,0,0,0,0,0,0,0,0,0,0,2,7.233333333333333
Crew_10361,0,0,0,0,0,0,0,0,0,0,0,0,0,0,0.0
Crew_10362,7,0,0,0,0,0,0,0,0,0,0,0,0,4,19.733333333333334
Crew_10363,3,0,0,0,0,0,0,0,0,0,0,0,0,4,17.683333333333334
Crew_10364,5,0,0,0,0,0,0,0,0,0,0,0,0,4,22.083333333333336
Crew_10365,6,0,0,0,0,0,0,0,0,0,0,0,0,4,15.133333333333333
Crew_10366,3,0,0,0,0,0,0,0,0,0,0,0,0,4,21.083333333333332
Crew_10367,6,0,0,0,0,0,0,0,0,0,0,0,0,4,21.833333333333336
Crew_10368,4,0,0,0,0,0,0,0,0,0,0,0,0,3,13.950000000000001
Crew_10369,0,0,0,0,0,0,0,0,0,0,0,0,0,1,4.383333333333333
Crew_10370,4,0,0,0,0,0,0,0,0,0,0,0,0,4,19.483333333333334
Crew_10371,2,0,0,0,0,0,0,0,0,0,0,0,0,2,8.266666666666666
Crew_10372,0,0,0,0,0,0,0,0,0,0,0,0,0,1,6.416666666666667
Crew_10373,5,0,0,3,0,0,0,0,0,0,0,0,0,3,13.316666666666666
Crew_10374,2,0,0,0,0,0,0,0,0,0,0,0,0,5,20.4
Crew_10375,6,0,0,0,0,0,0,0,0,0,0,0,0,3,12.983333333333333
Crew_10376,0,0,0,0,0,0,0,0,0,0,0,0,0,0,0.0
Crew_10377,0,0,0,0,0,0,0,0,0,0,0,0,0,0,0.0
Crew_10378,2,0,0,2,0,0,0,0,0,1,1,0,0,5,23.016666666666666
Crew_10380,0,0,0,0,0,0,0,0,0,0,0,0,0,0,0.0
Crew_10381,0,0,0,0,0,0,0,0,0,0,0,0,0,0,0.0
Crew_10384,1,0,0,0,0,0,0,0,0,0,0,0,0,3,12.216666666666667
Crew_10386,6,0,0,0,0,0,0,0,0,0,0,0,0,4,15.933333333333332
Crew_10387,7,0,0,1,0,0,0,0,0,0,0,0,0,4,24.866666666666667
Crew_10388,6,0,0,0,0,0,0,0,0,0,0,0,0,4,14.883333333333333
Crew_10389,6,0,0,0,0,0,0,0,0,0,0,0,0,4,24.56666666666667
Crew_10390,5,0,0,0,0,0,0,0,0,0,0,0,0,4,18.633333333333333
Crew_10391,3,0,0,0,0,0,0,0,0,0,2,0,0,6,14.416666666666664
Crew_10392,4,0,0,0,0,0,0,0,0,0,0,0,0,4,15.18333333333333
Crew_10393,5,0,0,0,0,0,0,0,0,0,0,0,0,4,11.6
Crew_10394,0,0,0,0,0,0,0,0,0,0,0,0,0,1,5.7666666666666675
Crew_10395,5,0,0,0,0,0,0,0,0,0,0,0,0,4,10.483333333333334
Crew_10397,4,0,0,0,0,0,0,0,0,0,0,0,0,4,16.133333333333333
Crew_10398,7,0,0,0,0,0,0,0,0,0,0,0,0,4,9.983333333333333
Crew_10400,5,0,0,0,0,0,0,0,0,0,0,0,0,4,16.666666666666668
Crew_10401,4,0,0,0,0,0,0,0,0,0,0,0,0,4,13.133333333333333
Crew_10403,3,0,0,0,0,0,0,0,0,0,0,0,0,5,21.983333333333334
Crew_10404,2,0,0,0,0,0,0,0,0,0,2,0,0,5,27.766666666666666
Crew_10405,0,0,0,0,0,0,0,0,0,0,1,0,0,1,3.0999999999999996
Crew_10406,0,0,0,0,0,0,0,0,0,0,0,0,0,0,0.0
Crew_10407,2,0,0,0,0,0,0,0,0,0,2,0,0,5,23.800000000000004
Crew_10409,7,0,0,1,0,0,0,0,0,0,0,0,0,4,20.0
Crew_10410,5,0,0,0,0,0,0,0,0,0,0,0,0,3,7.166666666666667
Crew_10411,6,0,0,0,0,0,0,0,0,0,0,0,0,4,14.083333333333332
Crew_10412,6,0,0,1,0,0,0,0,0,0,0,0,0,4,9.266666666666667
Crew_10413,0,0,0,0,0,0,0,0,0,0,0,0,0,5,27.133333333333333
Crew_10414,5,0,0,0,0,0,0,0,0,0,0,0,0,4,12.316666666666666
Crew_10415,3,0,0,0,0,0,0,0,0,0,0,0,0,4,17.7
Crew_10416,4,0,0,0,0,0,0,0,0,0,0,0,0,4,22.96666666666667
Crew_10417,7,0,0,0,0,0,0,0,0,0,0,0,0,2,9.1
Crew_10419,7,0,0,0,0,0,0,0,0,0,0,0,0,3,9.850000000000001
Crew_10420,2,0,0,0,0,0,0,0,0,0,1,0,0,5,20.533333333333335
Crew_10421,5,0,0,0,0,0,0,0,0,0,0,0,0,2,6.816666666666667
Crew_10422,0,0,0,0,0,0,0,0,0,0,0,0,0,1,6.416666666666667
Crew_10423,4,0,0,0,0,0,0,0,0,0,0,0,0,3,12.23333333333333
Crew_10424,5,0,0,0,0,0,0,0,0,0,0,0,0,4,18.866666666666667
Crew_10425,0,0,0,0,0,0,0,0,0,0,0,0,0,1,4.8
Crew_10426,4,0,0,0,0,0,0,0,0,0,0,0,0,4,14.633333333333333
Crew_10428,4,0,0,0,0,0,0,0,0,0,1,0,0,4,9.65
Crew_10429,0,0,0,0,0,0,0,0,0,0,0,0,0,1,7.233333333333333
Crew_10430,0,0,0,0,0,0,0,0,0,0,0,0,0,0,0.0
Crew_10431,0,0,0,0,0,0,0,0,0,0,0,0,0,0,0.0
Crew_10432,0,0,0,0,0,0,0,0,0,0,0,0,0,0,0.0
Crew_10433,6,0,0,0,0,0,0,0,0,0,0,0,0,4,15.283333333333333
Crew_10434,2,0,0,0,0,0,0,0,0,0,0,0,0,1,6.233333333333333
Crew_10435,4,0,0,0,0,0,0,0,0,0,0,0,0,4,15.533333333333335
Crew_10436,3,0,0,0,0,0,0,0,0,0,0,0,0,4,15.649999999999999
Crew_10437,3,0,0,0,0,0,0,0,0,0,1,0,0,5,17.083333333333332
Crew_10438,0,0,0,0,0,0,0,0,0,0,0,0,0,0,0.0
Crew_10439,0,0,0,0,0,0,0,0,0,0,0,0,0,0,0.0
Crew_10440,6,0,0,0,0,0,0,0,0,0,1,0,0,5,15.966666666666669
Crew_10441,3,0,0,0,0,0,0,0,0,0,0,0,0,4,18.083333333333336
Crew_10442,4,0,0,0,0,0,0,0,0,0,0,0,0,3,13.483333333333333
Crew_10443,4,0,0,0,0,0,0,0,0,0,0,0,0,4,22.316666666666666
Crew_10444,0,0,0,0,0,0,0,0,0,0,0,0,0,1,6.35
Crew_10445,3,0,0,0,0,0,0,0,0,0,0,0,0,4,24.35
Crew_10447,4,0,0,0,0,0,0,0,0,0,0,0,0,5,20.133333333333333
Crew_10448,5,0,0,0,0,0,0,0,0,0,0,0,0,5,16.083333333333336
Crew_10449,5,0,0,0,0,0,0,0,0,0,0,0,0,5,19.05
Crew_10450,3,0,0,0,0,0,0,0,0,0,0,0,0,2,12.15
Crew_10451,5,0,0,0,0,0,0,0,0,0,0,0,0,3,15.233333333333333
Crew_10452,1,0,0,0,0,0,0,0,0,0,0,0,0,1,2.4166666666666665
Crew_10453,0,0,0,0,0,0,0,0,0,0,0,0,0,0,0.0
Crew_10454,7,0,0,0,0,0,0,0,0,0,0,0,0,4,13.7
Crew_10455,7,0,0,0,0,0,0,0,0,0,0,0,0,4,21.316666666666666
Crew_10456,4,0,0,0,0,0,0,0,0,0,0,0,0,4,18.93333333333333
Crew_10458,0,0,0,0,0,0,0,0,0,0,0,0,0,0,0.0
Crew_10459,0,0,0,0,0,0,0,0,0,0,0,0,0,1,5.5
Crew_10461,4,0,0,0,0,0,0,0,0,0,0,0,0,3,12.716666666666667
Crew_10462,6,0,0,0,0,0,0,0,0,0,0,0,0,3,15.25
Crew_10464,5,1,0,0,0,0,0,0,0,0,0,0,0,1,4.6
Crew_10465,1,0,0,0,0,0,0,0,0,0,0,0,0,2,9.45
Crew_10466,4,0,0,0,0,0,0,0,0,0,0,0,0,4,17.383333333333333
Crew_10467,8,1,0,0,0,0,0,0,0,0,0,0,0,0,0.0
Crew_10468,0,0,0,0,0,0,0,0,0,0,0,0,0,0,0.0
Crew_10469,3,0,0,0,0,0,0,0,0,0,0,0,0,4,22.066666666666666
Crew_10470,2,0,0,0,0,0,0,0,0,0,1,0,0,5,14.866666666666667
Crew_10471,5,0,0,0,0,0,0,0,0,0,0,0,0,3,13.833333333333336
Crew_10472,4,0,0,0,0,0,0,0,0,0,0,0,0,4,19.099999999999998
Crew_10473,5,0,0,0,0,0,0,0,0,0,0,0,0,3,7.049999999999999
Crew_10474,5,0,0,0,0,0,0,0,0,0,0,0,0,4,13.85
Crew_10475,4,0,0,0,0,0,0,0,0,0,0,0,0,4,17.65
Crew_10476,4,0,0,0,0,0,0,0,0,0,0,0,0,3,13.966666666666665
Crew_10477,5,0,0,0,0,0,0,0,0,0,0,0,0,3,16.46666666666667
Crew_10478,4,0,0,0,0,0,0,0,0,0,0,0,0,3,15.233333333333333
Crew_10480,2,0,0,0,0,0,0,0,0,0,0,0,0,4,16.683333333333334
Crew_10481,7,0,0,0,0,0,0,0,0,0,0,0,0,4,22.566666666666666
Crew_10482,7,0,0,0,0,0,0,0,0,0,0,0,0,3,9.466666666666667
Crew_10483,1,0,0,0,0,0,0,0,0,0,0,0,0,1,1.05
Crew_10484,0,0,0,0,0,0,0,0,0,0,0,0,0,0,0.0
Crew_10485,0,0,0,0,0,0,0,0,0,0,0,0,0,0,0.0
Crew_10486,0,0,0,0,0,0,0,0,0,0,0,0,0,0,0.0
Crew_10487,5,0,0,0,0,0,0,0,0,0,0,0,0,3,11.200000000000001
Crew_10488,7,0,0,0,0,0,0,0,0,0,0,0,0,3,11.333333333333334
Crew_10489,4,0,0,0,0,0,0,0,0,0,0,0,0,4,23.68333333333333
Crew_10490,3,0,0,0,0,0,0,0,0,0,2,0,0,5,22.366666666666667
Crew_10491,5,0,0,0,0,0,0,0,0,0,0,0,0,4,15.6
Crew_10492,4,0,0,0,0,0,0,0,0,0,0,0,0,4,17.583333333333336
Crew_10493,0,0,0,0,0,0,0,0,0,0,0,0,0,0,0.0
Crew_10495,0,0,0,0,0,0,0,0,0,0,0,0,0,0,0.0
Crew_10496,4,0,0,0,0,0,0,0,0,0,0,0,0,3,14.716666666666669
Crew_10497,2,0,0,0,0,0,0,0,0,0,0,0,0,4,17.383333333333333
Crew_10498,6,0,0,0,0,0,0,0,0,0,0,0,0,3,11.316666666666666
Crew_10500,5,0,0,0,0,0,0,0,0,0,0,0,0,4,13.666666666666666
Crew_10501,4,0,0,0,0,0,0,0,0,0,0,0,0,3,17.849999999999998
Crew_10503,3,0,0,0,0,0,0,0,0,0,0,0,0,3,9.25
Crew_10504,6,0,0,0,0,0,0,0,0,0,0,0,0,4,12.633333333333335
Crew_10505,6,0,0,0,0,0,0,0,0,0,0,0,0,3,12.633333333333333
Crew_10506,4,0,0,0,0,0,0,0,0,0,0,0,0,5,12.799999999999997
Crew_10507,4,0,0,0,0,0,0,0,0,0,0,0,0,4,9.266666666666667
Crew_10508,5,0,0,0,0,0,0,0,0,0,0,0,0,3,9.183333333333334
Crew_10509,3,0,0,0,0,0,0,0,0,0,0,0,0,3,15.05
Crew_10510,0,0,0,0,0,0,0,0,0,0,0,0,0,1,6.566666666666666
Crew_10511,1,0,0,0,0,0,0,0,0,0,0,0,0,1,7.533333333333333
Crew_10512,0,0,0,0,0,0,0,0,0,0,0,0,0,0,0.0
Crew_10513,7,0,0,0,0,0,0,0,0,0,0,0,0,1,2.683333333333333
Crew_10515,5,0,0,0,0,0,0,0,0,0,0,0,0,2,6.1499999999999995
Crew_10516,1,0,0,0,0,0,0,0,0,0,0,0,0,2,2.7666666666666666
Crew_10517,1,0,0,0,0,0,0,0,0,0,0,0,0,4,25.03333333333333
Crew_10518,7,0,0,0,0,0,0,0,0,0,0,0,0,4,12.516666666666667
Crew_10519,5,0,0,0,0,0,0,0,0,0,0,0,0,4,13.383333333333333
Crew_10520,4,0,0,0,0,0,0,0,0,0,0,0,0,4,12.516666666666666
Crew_10521,4,0,0,0,0,0,0,0,0,0,0,0,0,3,11.383333333333333
Crew_10522,0,0,0,0,0,0,0,0,0,0,0,0,0,0,0.0
Crew_10523,6,0,0,1,0,0,0,0,0,0,0,0,0,2,2.6166666666666667
Crew_10524,3,0,0,0,0,0,0,0,0,0,0,0,0,4,11.116666666666665
Crew_10526,2,0,0,0,0,0,0,0,0,0,0,0,0,4,28.650000000000002
Crew_10527,4,0,0,0,0,0,0,0,0,0,0,0,0,2,12.466666666666665
Crew_10528,2,0,0,0,0,0,0,0,0,0,0,0,0,3,19.266666666666666
Crew_10529,4,0,0,0,0,0,0,0,0,0,0,0,0,3,11.583333333333334
Crew_10530,4,0,0,1,0,0,0,0,0,0,0,0,0,4,8.383333333333333
Crew_10531,2,0,0,0,0,0,0,0,0,0,0,0,0,4,22.25
Crew_10532,5,0,0,0,0,0,0,0,0,0,0,0,0,3,17.0
Crew_10533,3,0,0,0,0,0,0,0,0,0,0,0,0,3,16.25
Crew_10534,4,0,0,0,0,0,0,0,0,0,0,0,0,2,9.65
Crew_10535,1,0,0,0,0,0,0,0,0,0,0,0,0,2,9.116666666666667
Crew_10536,1,0,0,0,0,0,0,0,0,0,0,0,0,2,14.8
Crew_10537,2,0,0,0,0,0,0,0,0,0,1,0,0,4,13.000000000000002
Crew_10539,0,1,0,0,0,0,0,0,0,0,0,0,0,0,0.0
Crew_10540,3,0,0,0,0,0,0,0,0,0,0,0,0,4,18.283333333333335
Crew_10541,6,0,0,0,0,0,0,0,0,0,0,0,0,4,15.566666666666666
Crew_10542,5,0,0,0,0,0,0,0,0,0,0,0,0,4,12.533333333333335
Crew_10543,0,0,0,0,0,0,0,0,0,0,1,0,0,6,17.433333333333334
Crew_10544,3,0,0,0,0,0,0,0,0,0,0,0,0,4,15.183333333333334
Crew_10545,3,0,0,0,0,0,0,0,0,0,1,0,0,4,14.416666666666666
Crew_10546,5,0,0,0,0,0,0,0,0,0,0,0,0,3,12.433333333333334
Crew_10548,6,0,0,0,0,0,0,0,0,0,0,0,0,1,1.9
Crew_10549,0,0,0,0,0,0,0,0,0,0,0,0,0,0,0.0
Crew_10550,2,0,0,0,0,0,0,0,0,0,0,0,0,4,19.0
Crew_10551,7,0,0,0,0,0,0,0,0,0,0,0,0,2,6.95
Crew_10553,4,0,0,0,0,0,0,0,0,0,0,0,0,3,10.299999999999999
Crew_10554,1,0,0,0,0,0,0,0,0,0,0,0,0,3,15.233333333333334
Crew_10555,3,0,0,0,0,0,0,0,0,0,0,0,0,2,4.1499999999999995
Crew_10556,0,0,0,0,0,0,0,0,0,0,0,0,0,0,0.0
Crew_10557,2,0,0,0,0,0,0,0,0,0,0,0,0,1,6.233333333333333
Crew_10558,6,0,0,0,0,0,0,0,0,0,0,0,0,3,11.149999999999999
Crew_10559,3,0,0,0,0,0,0,0,0,0,0,0,0,4,17.166666666666668
Crew_10560,3,0,0,0,0,0,0,0,0,0,0,0,0,4,16.016666666666666
Crew_10561,3,0,0,0,0,0,0,0,0,0,0,0,0,4,22.783333333333335
Crew_10563,0,0,0,0,0,0,0,0,0,0,0,0,0,0,0.0
Crew_10564,6,0,0,1,0,0,0,0,0,0,0,0,0,2,7.85
Crew_10566,0,0,0,0,0,0,0,0,0,0,0,0,0,1,4.166666666666667
Crew_10567,6,0,0,0,0,0,0,0,0,0,0,0,0,2,10.283333333333333
Crew_10569,3,0,0,0,0,0,0,0,0,0,0,0,0,4,23.316666666666666
Crew_10570,3,0,0,0,0,0,0,0,0,0,0,0,0,3,15.05
Crew_10571,4,0,0,0,0,0,0,0,0,0,0,0,0,3,9.016666666666667
Crew_10572,3,0,0,0,0,0,0,0,0,0,0,0,0,2,8.616666666666665
Crew_10573,1,0,0,0,0,0,0,0,0,0,0,0,0,4,27.15
Crew_10574,0,0,0,0,0,0,0,0,0,0,1,0,0,3,13.516666666666666
Crew_10575,2,0,0,0,0,0,0,0,0,0,0,0,0,3,16.166666666666668
Crew_10576,2,0,0,0,0,0,0,0,0,0,0,0,0,4,10.166666666666668
Crew_10577,1,0,0,0,0,0,0,0,0,0,2,0,0,3,10.416666666666666
Crew_10578,6,0,0,0,0,0,0,0,0,0,0,0,0,4,18.75
Crew_10579,7,0,0,0,0,0,0,0,0,0,0,0,0,2,6.216666666666667
Crew_10580,3,0,0,0,0,0,0,0,0,0,0,0,0,3,17.316666666666666
Crew_10582,4,1,0,0,0,0,0,0,0,0,0,0,0,0,0.0
Crew_10583,6,0,0,0,0,0,0,0,0,0,0,0,0,3,8.033333333333333
Crew_10584,5,0,0,0,0,0,0,0,0,0,0,0,0,4,21.033333333333335
Crew_10585,0,0,0,0,0,0,0,0,0,0,0,0,0,0,0.0
Crew_10586,0,0,0,0,0,0,0,0,0,0,0,0,0,1,5.033333333333333
Crew_10588,2,0,0,0,0,0,0,0,0,0,0,0,0,3,16.516666666666666
Crew_10590,6,0,0,1,0,0,0,0,0,0,0,0,0,3,11.016666666666666
Crew_10592,2,0,0,0,0,0,0,0,0,0,0,0,0,3,12.45
Crew_10593,1,0,0,0,0,0,0,0,0,0,0,0,0,3,19.416666666666668
Crew_10594,1,0,0,0,0,0,0,0,0,0,0,0,0,2,12.533333333333331
Crew_10595,1,0,0,0,0,0,0,0,0,0,0,0,0,3,18.150000000000002
Crew_10597,5,0,0,0,0,0,0,0,0,0,0,0,0,3,17.033333333333335
Crew_10598,0,0,0,0,0,0,0,0,0,0,0,0,0,4,22.433333333333334
Crew_10599,3,0,0,0,0,0,0,0,0,0,0,0,0,4,21.15
Crew_10600,2,0,0,0,0,0,0,0,0,0,0,0,0,2,11.533333333333333
Crew_10601,5,0,0,0,0,0,0,0,0,0,0,0,0,2,5.216666666666667
Crew_10602,2,0,0,0,0,0,0,0,0,0,0,0,0,3,12.316666666666666
Crew_10603,0,0,0,0,0,0,0,0,0,0,0,0,0,0,0.0
Crew_10604,6,0,0,0,0,0,0,0,0,0,0,0,0,4,17.400000000000002
Crew_10605,0,0,0,0,0,0,0,0,0,0,0,0,0,0,0.0
Crew_10606,3,0,0,0,0,0,0,0,0,0,0,0,0,3,17.6
Crew_10608,2,0,0,0,0,0,0,0,0,0,0,0,0,3,16.266666666666666
Crew_10609,0,0,0,0,0,0,0,0,0,0,0,0,0,1,5.616666666666667
Crew_10610,8,1,0,0,0,0,0,0,0,0,0,0,0,0,0.0
Crew_10611,5,0,0,0,0,0,0,0,0,0,0,0,0,4,18.25
Crew_10612,5,0,0,4,0,0,0,0,1,2,0,0,0,3,14.150000000000002
Crew_10613,6,0,0,0,0,0,0,0,0,0,0,0,0,2,2.283333333333333
Crew_10614,6,0,0,0,0,0,0,0,0,0,0,0,0,4,13.666666666666664
Crew_10615,2,0,0,0,0,0,0,0,0,0,0,0,0,2,12.266666666666667
Crew_10616,6,0,0,0,0,0,0,0,0,0,0,0,0,2,7.483333333333334
Crew_10617,0,0,0,0,0,0,0,0,0,0,0,0,0,0,0.0
Crew_10618,2,0,0,0,0,0,0,0,0,0,0,0,0,4,16.400000000000002
Crew_10619,3,0,0,0,0,0,0,0,0,0,0,0,0,3,17.883333333333333
Crew_10620,0,1,0,0,0,0,0,0,0,0,0,0,0,0,0.0
Crew_10622,2,0,0,0,0,0,0,0,0,0,0,0,0,1,5.333333333333334
Crew_10623,8,1,0,0,0,0,0,0,0,0,0,0,0,0,0.0
Crew_10624,1,0,0,0,0,0,0,0,0,0,0,0,0,3,17.816666666666666
Crew_10626,1,0,0,0,0,0,0,0,0,0,0,0,0,3,17.05
Crew_10627,6,0,0,0,0,0,0,0,0,0,0,0,0,2,10.0
Crew_10629,6,0,0,2,0,0,0,0,0,1,0,0,0,3,11.583333333333332
Crew_10630,4,0,0,0,0,0,0,0,0,0,0,0,0,3,12.516666666666667
Crew_10631,1,0,0,0,0,0,0,0,0,0,0,0,0,2,14.55
Crew_10632,0,0,0,0,0,0,0,0,0,0,1,0,0,5,21.633333333333336
Crew_10633,1,0,0,0,0,0,0,0,0,0,0,0,0,3,13.816666666666666
Crew_10634,0,0,0,0,0,0,0,0,0,0,0,0,0,2,13.133333333333333
Crew_10635,2,0,0,0,0,0,0,0,0,0,0,0,0,1,5.566666666666666
Crew_10636,1,0,0,0,0,0,0,0,0,0,0,0,0,2,14.883333333333333
Crew_10637,5,0,0,0,0,0,0,0,0,0,0,0,0,3,11.6
Crew_10638,3,0,0,0,0,0,0,0,0,0,0,0,0,4,18.066666666666666
Crew_10639,2,0,0,0,0,0,0,0,0,0,0,0,0,3,19.65
Crew_10640,2,0,0,0,0,0,0,0,0,0,0,0,0,3,12.683333333333334
Crew_10641,0,0,0,0,0,0,0,0,0,0,0,0,0,3,19.866666666666667
Crew_10642,0,0,0,0,0,0,0,0,0,0,0,0,0,5,16.416666666666664
Crew_10643,3,0,0,0,0,0,0,0,0,0,0,0,0,4,17.0
Crew_10645,6,0,0,0,0,0,0,0,0,0,0,0,0,2,13.183333333333334
Crew_10646,0,0,0,0,0,0,0,0,0,0,0,0,0,3,20.45
Crew_10647,3,0,0,0,0,0,0,0,0,0,0,0,0,4,16.8
Crew_10648,0,0,0,0,0,0,0,0,0,0,0,0,0,1,7.483333333333333
Crew_10649,3,0,0,0,0,0,0,0,0,0,0,0,0,4,19.183333333333334
Crew_10650,1,0,0,0,0,0,0,0,0,0,0,0,0,3,19.816666666666663
Crew_10651,5,0,0,0,0,0,0,0,0,0,0,0,0,2,4.683333333333334
Crew_10652,4,0,0,0,0,0,0,0,0,0,0,0,0,4,17.666666666666668
Crew_10653,0,0,0,0,0,0,0,0,0,0,0,0,0,0,0.0
Crew_10654,0,0,0,0,0,0,0,0,0,0,0,0,0,2,11.683333333333334
Crew_10656,2,0,0,0,0,0,0,0,0,0,0,0,0,3,17.066666666666666
Crew_10657,0,0,0,0,0,0,0,0,0,0,0,0,0,1,6.833333333333333
Crew_10658,1,0,0,0,0,0,0,0,0,0,0,0,0,3,7.133333333333334
Crew_10659,4,0,0,0,0,0,0,0,0,0,0,0,0,4,6.4
Crew_10660,2,0,0,0,0,0,0,0,0,0,0,0,0,3,10.8
Crew_10661,1,0,0,0,0,0,0,0,0,0,0,0,0,3,17.866666666666667
Crew_10663,0,0,0,0,0,0,0,0,0,0,1,0,0,4,13.083333333333334
Crew_10664,4,0,0,0,0,0,0,0,0,0,0,0,0,4,16.98333333333333
Crew_10665,0,0,0,0,0,0,0,0,0,0,0,0,0,1,4.216666666666667
Crew_10666,1,0,0,0,0,0,0,0,0,0,0,0,0,3,9.683333333333334
Crew_10667,1,0,0,0,0,0,0,0,0,0,0,0,0,2,9.266666666666667
Crew_10668,1,0,0,0,0,0,0,0,0,0,0,0,0,3,15.25
Crew_10669,4,0,0,0,0,0,0,0,0,0,0,0,0,3,15.683333333333334
Crew_10670,0,0,0,0,0,0,0,0,0,0,0,0,0,1,5.316666666666666
Crew_10671,0,0,0,0,0,0,0,0,0,0,0,0,0,1,5.416666666666666
Crew_10672,1,0,0,0,0,0,0,0,0,0,0,0,0,3,14.283333333333335
Crew_10673,0,0,0,0,0,0,0,0,0,0,0,0,0,0,0.0
Crew_10674,7,0,0,0,0,0,0,0,0,0,0,0,0,3,9.083333333333332
Crew_10675,6,0,0,2,0,0,0,0,0,1,0,0,0,1,2.1
Crew_10676,1,0,0,0,0,0,0,0,0,0,0,0,0,3,12.216666666666667
Crew_10677,2,0,0,0,0,0,0,0,0,0,0,0,0,3,19.03333333333333
Crew_10679,0,0,0,0,0,0,0,0,0,0,0,0,0,0,0.0
Crew_10680,2,0,0,0,0,0,0,0,0,0,3,0,0,4,18.433333333333334
Crew_10681,1,0,0,0,0,0,0,0,0,0,0,0,0,3,11.8
Crew_10682,1,0,0,0,0,0,0,0,0,0,0,0,0,3,14.149999999999999
Crew_10683,2,0,0,0,0,0,0,0,0,0,0,0,0,3,13.75
Crew_10684,4,0,0,0,0,0,0,0,0,0,0,0,0,4,22.016666666666666
Crew_10685,0,0,0,0,0,0,0,0,0,0,0,0,0,3,13.533333333333333
Crew_10686,5,0,0,0,0,0,0,0,0,0,0,0,0,4,13.666666666666668
Crew_10687,6,0,0,2,0,0,0,0,0,1,0,0,0,4,20.083333333333332
Crew_10689,7,0,0,1,0,0,0,0,0,0,0,0,0,1,3.9166666666666665
Crew_10690,0,0,0,0,0,0,0,0,0,0,0,0,0,2,9.450000000000001
Crew_10693,1,0,0,0,0,0,0,0,0,0,0,0,0,1,5.9
Crew_10694,8,1,0,0,0,0,0,0,0,0,0,0,0,0,0.0
Crew_10695,2,0,0,0,0,0,0,0,0,0,0,0,0,3,20.450000000000003
Crew_10696,1,0,0,0,0,0,0,0,0,0,1,0,0,1,2.5
Crew_10698,2,0,0,0,0,0,0,0,0,0,0,0,0,1,4.183333333333334
Crew_10699,3,0,0,0,0,0,0,0,0,0,0,0,0,3,15.583333333333334
Crew_10701,3,0,0,0,0,0,0,0,0,0,0,0,0,3,17.26666666666667
Crew_10702,6,0,0,0,0,0,0,0,0,0,0,0,0,4,19.9
Crew_10703,2,0,0,0,0,0,0,0,0,0,0,0,0,3,16.35
Crew_10704,8,1,0,0,0,0,0,0,0,0,0,0,0,0,0.0
Crew_10705,0,0,0,0,0,0,0,0,0,0,0,0,0,1,4.983333333333333
Crew_10706,5,0,0,0,0,0,0,0,0,0,0,0,0,3,18.599999999999998
Crew_10707,0,0,0,0,0,0,0,0,0,0,0,0,0,1,1.9166666666666667
Crew_10708,5,0,0,0,0,0,0,0,0,0,0,0,0,4,15.7
Crew_10709,2,0,0,0,0,0,0,0,0,0,0,0,0,1,5.983333333333333
Crew_10713,0,0,0,0,0,0,0,0,0,0,0,0,0,1,2.2
Crew_10715,1,0,0,0,0,0,0,0,0,0,0,0,0,3,11.983333333333333
Crew_10716,0,0,0,0,0,0,0,0,0,0,0,0,0,1,2.5
Crew_10718,2,0,0,0,0,0,0,0,0,0,0,0,0,3,15.316666666666666
Crew_10719,6,0,0,0,0,0,0,0,0,0,0,0,0,3,16.8
Crew_10722,0,0,0,0,0,0,0,0,0,0,0,0,0,1,6.283333333333333
Crew_10723,2,0,0,0,0,0,0,0,0,0,0,0,0,2,11.416666666666668
Crew_10724,0,0,0,0,0,0,0,0,0,0,0,0,0,3,17.766666666666666
Crew_10726,0,0,0,0,0,0,0,0,0,0,0,0,0,1,7.483333333333333
Crew_10727,3,0,0,2,0,0,0,0,0,0,2,0,0,3,16.166666666666668
Crew_10728,2,0,0,0,0,0,0,0,0,0,0,0,0,3,10.083333333333334
Crew_10729,2,0,0,0,0,0,0,0,0,0,0,0,0,3,17.033333333333335
Crew_10730,6,0,0,0,0,0,0,0,0,0,0,0,0,3,11.083333333333332
Crew_10731,1,0,0,0,0,0,0,0,0,0,0,0,0,2,14.066666666666666
Crew_10732,1,0,0,0,0,0,0,0,0,0,0,0,0,1,3.0166666666666666
Crew_10734,2,0,0,0,0,0,0,0,0,0,0,0,0,3,18.283333333333335
Crew_10735,5,1,0,0,0,0,0,0,0,0,0,0,0,0,0.0
Crew_10736,6,0,0,0,0,0,0,0,0,0,0,0,0,3,11.666666666666666
Crew_10737,7,0,0,0,0,0,0,0,0,0,0,0,0,1,2.2
Crew_10738,6,0,0,2,0,0,0,0,0,1,0,0,0,3,13.35
Crew_10739,0,0,0,0,0,0,0,0,0,0,0,0,0,1,5.666666666666667
Crew_10740,2,0,0,0,0,0,0,0,0,0,0,0,0,2,10.566666666666666
Crew_10741,2,0,0,0,0,0,0,0,0,0,0,0,0,3,12.95
Crew_10742,2,0,0,0,0,0,0,0,0,0,0,0,0,3,17.68333333333333
Crew_10743,6,0,0,0,0,0,0,0,0,0,0,0,0,3,13.166666666666666
Crew_10744,1,0,0,0,0,0,0,0,0,0,0,0,0,3,18.783333333333335
Crew_10745,2,0,0,0,0,0,0,0,0,0,0,0,0,3,10.816666666666666
Crew_10746,0,0,0,0,0,0,0,0,0,0,0,0,0,3,17.933333333333334
Crew_10747,1,0,0,0,0,0,0,0,0,0,0,0,0,3,13.55
Crew_10748,2,0,0,0,0,0,0,0,0,0,0,0,0,2,12.816666666666666
Crew_10750,2,0,0,0,0,0,0,0,0,0,0,0,0,3,16.2
Crew_10752,4,0,0,0,0,0,0,0,0,0,0,0,0,4,14.733333333333334
Crew_10753,6,0,0,1,0,0,0,0,0,0,0,0,0,4,20.35
Crew_10754,2,0,0,0,0,0,0,0,0,0,0,0,0,3,17.133333333333333
Crew_10757,2,0,0,0,0,0,0,0,0,0,0,0,0,3,15.45
Crew_10759,5,0,0,0,0,0,0,0,0,0,0,0,0,3,15.966666666666665
Crew_10760,0,0,0,0,0,0,0,0,0,0,0,0,0,1,4.516666666666667
Crew_10763,2,0,0,0,0,0,0,0,0,0,0,0,0,1,5.083333333333333
Crew_10767,0,0,0,0,0,0,0,0,0,0,0,0,0,1,4.2
Crew_10768,2,0,0,0,0,0,0,0,0,0,0,0,0,1,2.2666666666666666
Crew_10769,2,0,0,0,0,0,0,0,0,0,0,0,0,3,18.083333333333332
Crew_10770,1,0,0,0,0,0,0,0,0,0,0,0,0,3,17.933333333333334
Crew_10771,1,0,0,0,0,0,0,0,0,0,0,0,0,2,5.616666666666667
Crew_10772,6,0,0,0,0,0,0,0,0,0,0,0,0,4,15.816666666666666
Crew_10773,1,0,0,0,0,0,0,0,0,0,0,0,0,3,11.549999999999999
Crew_10774,5,0,0,2,0,0,0,0,0,1,0,0,0,3,12.649999999999999
Crew_10775,7,0,0,0,0,0,0,0,0,0,0,0,0,1,2.0166666666666666
Crew_10776,0,0,0,0,0,0,0,0,0,0,0,0,0,0,0.0
Crew_10778,0,0,0,0,0,0,0,0,0,0,0,0,0,0,0.0
Crew_10779,2,0,0,0,0,0,0,0,0,0,0,0,0,2,5.9
Crew_10780,1,0,0,0,0,0,0,0,0,0,0,0,0,3,13.899999999999999
Crew_10782,7,0,0,0,0,0,0,0,0,0,0,0,0,1,2.1666666666666665
Crew_10783,0,0,0,0,0,0,0,0,0,0,0,0,0,0,0.0
Crew_10784,0,0,0,0,0,0,0,0,0,0,0,0,0,1,5.666666666666666
Crew_10785,0,0,0,0,0,0,0,0,0,0,0,0,0,1,5.683333333333334
Crew_10786,0,0,0,0,0,0,0,0,0,0,0,0,0,3,12.316666666666666
Crew_10787,2,0,0,0,0,0,0,0,0,0,0,0,0,2,11.149999999999999
Crew_10788,1,0,0,0,0,0,0,0,0,0,0,0,0,3,13.666666666666668
Crew_10789,2,0,0,0,0,0,0,0,0,0,0,0,0,3,10.916666666666666
Crew_10790,6,0,0,0,0,0,0,0,0,0,0,0,0,1,1.9666666666666666
Crew_10791,6,0,0,0,0,0,0,0,0,0,0,0,0,2,9.0
Crew_10793,2,0,0,0,0,0,0,0,0,0,0,0,0,3,17.05
Crew_10794,2,0,0,0,0,0,0,0,0,0,0,0,0,4,17.03333333333333
Crew_10795,1,0,0,0,0,0,0,0,0,0,0,0,0,2,9.216666666666665
Crew_10796,0,0,0,0,0,0,0,0,0,0,0,0,0,3,10.45
Crew_10797,0,0,0,0,0,0,0,0,0,0,0,0,0,0,0.0
Crew_10799,8,1,0,0,0,0,0,0,0,0,0,0,0,0,0.0
Crew_10800,0,0,0,0,0,0,0,0,0,0,0,0,0,1,6.449999999999999
Crew_10801,1,0,0,0,0,0,0,0,0,0,0,0,0,2,4.183333333333334
Crew_10802,0,0,0,0,0,0,0,0,0,0,0,0,0,0,0.0
Crew_10803,2,0,0,0,0,0,0,0,0,0,0,0,0,2,10.583333333333332
Crew_10804,3,1,0,0,0,0,0,0,0,0,0,0,0,0,0.0
Crew_10805,0,0,0,0,0,0,0,0,0,0,0,0,0,2,10.1
Crew_10806,1,0,0,0,0,0,0,0,0,0,0,0,0,2,5.5
Crew_10807,6,0,0,0,0,0,0,0,0,0,0,0,0,3,14.299999999999997
Crew_10808,6,0,0,3,0,0,0,0,0,1,0,0,0,1,3.183333333333333
Crew_10809,6,0,0,0,0,0,0,0,0,0,0,0,0,2,12.333333333333334
Crew_10810,2,0,0,0,0,0,0,0,0,0,0,0,0,2,10.433333333333334
Crew_10811,2,0,0,0,0,0,0,0,0,0,0,0,0,3,11.866666666666667
Crew_10812,1,0,0,0,0,0,0,0,0,0,0,0,0,2,7.45
Crew_10814,0,0,0,0,0,0,0,0,0,0,0,0,0,0,0.0
Crew_10815,0,0,0,0,0,0,0,0,0,0,0,0,0,1,5.183333333333334
Crew_10816,0,0,0,0,0,0,0,0,0,0,0,0,0,0,0.0
Crew_10817,0,0,0,0,0,0,0,0,0,0,0,0,0,1,6.416666666666667
Crew_10818,0,0,0,0,0,0,0,0,0,0,0,0,0,2,12.166666666666666
Crew_10819,6,0,0,0,0,0,0,0,0,0,0,0,0,2,4.516666666666667
Crew_10820,4,0,0,0,0,0,0,0,0,0,0,0,0,2,7.916666666666668
Crew_10822,6,0,0,0,0,0,0,0,0,0,0,0,0,3,11.283333333333333
Crew_10823,2,0,0,0,0,0,0,0,0,0,0,0,0,2,6.9
Crew_10824,0,0,0,0,0,0,0,0,0,0,0,0,0,3,11.066666666666666
Crew_10825,6,0,0,0,0,0,0,0,0,0,0,0,0,3,15.033333333333333
Crew_10826,1,0,0,0,0,0,0,0,0,0,0,0,0,2,10.766666666666666
Crew_10827,2,0,0,0,0,0,0,0,0,0,0,0,0,2,4.75
Crew_10828,2,0,0,0,0,0,0,0,0,0,0,0,0,2,4.133333333333333
Crew_10829,2,0,0,0,0,0,0,0,0,0,0,0,0,3,10.283333333333333
Crew_10830,1,0,0,0,0,0,0,0,0,0,0,0,0,2,9.3
Crew_10831,0,0,0,0,0,0,0,0,0,0,0,0,0,3,10.766666666666667
Crew_10832,1,0,0,0,0,0,0,0,0,0,0,0,0,2,7.583333333333333
Crew_10833,0,0,0,0,0,0,0,0,0,0,0,0,0,0,0.0
Crew_10834,1,0,0,0,0,0,0,0,0,0,0,0,0,3,6.683333333333334
Crew_10835,5,0,0,0,0,0,0,0,0,0,0,0,0,1,3.833333333333333
Crew_10836,2,0,0,0,0,0,0,0,0,0,0,0,0,2,7.866666666666666
Crew_10837,0,0,0,0,0,0,0,0,0,0,0,0,0,1,2.95
Crew_10838,4,0,0,2,0,0,0,0,0,0,0,0,0,2,10.633333333333333
Crew_10839,6,0,0,0,0,0,0,0,0,0,0,0,0,3,14.899999999999999
Crew_10840,5,0,0,0,0,0,0,0,0,0,0,0,0,2,6.666666666666666
Crew_10841,1,0,0,0,0,0,0,0,0,0,0,0,0,2,5.833333333333334
Crew_10842,6,0,0,0,0,0,0,0,0,0,0,0,0,1,2.3333333333333335
Crew_10843,6,0,0,0,0,0,0,0,0,0,0,0,0,2,6.866666666666666
Crew_10844,0,0,0,0,0,0,0,0,0,0,0,0,0,1,2.05
Crew_10845,1,0,0,0,0,0,0,0,0,0,0,0,0,2,5.6
Crew_10846,1,0,0,0,0,0,0,0,0,0,0,0,0,2,11.216666666666667
Crew_10847,1,0,0,0,0,0,0,0,0,0,0,0,0,2,5.616666666666667
Crew_10848,1,0,0,0,0,0,0,0,0,0,0,0,0,2,7.1000000000000005
Crew_10849,1,0,0,0,0,0,0,0,0,0,0,0,0,2,7.15
Crew_10850,1,0,0,0,0,0,0,0,0,0,0,0,0,2,11.716666666666667
Crew_10851,1,0,0,0,0,0,0,0,0,0,0,0,0,2,7.016666666666667
Crew_10852,2,0,0,0,0,0,0,0,0,0,0,0,0,2,11.466666666666665
Crew_10853,6,0,0,0,0,0,0,0,0,0,0,0,0,3,10.683333333333334
Crew_10855,1,0,0,0,0,0,0,0,0,0,0,0,0,3,8.2
Crew_10856,0,0,0,0,0,0,0,0,0,0,0,0,0,1,4.55
Crew_10857,0,0,0,0,0,0,0,0,0,0,0,0,0,3,13.399999999999999
Crew_10858,0,0,0,0,0,0,0,0,0,0,0,0,0,0,0.0
Crew_10859,4,0,0,0,0,0,0,0,0,0,0,0,0,2,8.65
Crew_10860,6,0,0,0,0,0,0,0,0,0,0,0,0,3,15.766666666666667
Crew_10861,6,0,0,0,0,0,0,0,0,0,0,0,0,3,14.700000000000001
Crew_10862,6,0,0,2,0,0,0,0,0,1,0,0,0,1,2.35
Crew_10863,0,0,0,0,0,0,0,0,0,0,0,0,0,0,0.0
Crew_10864,0,0,0,0,0,0,0,0,0,0,0,0,0,1,4.583333333333334
Crew_10865,0,1,0,0,0,0,0,0,0,0,0,0,0,0,0.0
Crew_10866,1,0,0,0,0,0,0,0,0,0,0,0,0,3,6.85
Crew_10867,1,0,0,0,0,0,0,0,0,0,0,0,0,3,14.116666666666667
Crew_10868,2,0,0,0,0,0,0,0,0,0,0,0,0,2,7.033333333333333
Crew_10870,1,0,0,0,0,0,0,0,0,0,0,0,0,2,8.25
Crew_10871,0,0,0,0,0,0,0,0,0,0,0,0,0,2,7.85
Crew_10872,2,0,0,0,0,0,0,0,0,0,0,0,0,2,4.333333333333334
Crew_10873,0,0,0,0,0,0,0,0,0,0,0,0,0,3,19.566666666666666
Crew_10887,2,0,0,0,0,0,0,0,0,0,0,0,0,2,10.533333333333333
Crew_10889,0,1,0,0,0,0,0,0,0,0,0,0,0,0,0.0
Crew_10891,0,1,0,0,0,0,0,0,0,0,0,0,0,0,0.0
Crew_10892,1,0,0,0,0,0,0,0,0,0,0,0,0,2,7.666666666666667
