crewId,taskId,isDDH
Crew_10004,Flt_101195,0
Crew_10004,Flt_102134,0
Crew_10004,Flt_100594,0
Crew_10004,Flt_100054,0
Crew_10004,Flt_101382,0
Crew_10004,Flt_100698,0
Crew_10004,Flt_100918,0
Crew_10004,Flt_102022,0
Crew_10004,Flt_101751,0
Crew_10007,Flt_101704,0
Crew_10007,Flt_100097,0
Crew_10007,Flt_102131,0
Crew_10007,Flt_100184,0
Crew_10007,Flt_101220,0
Crew_10007,Flt_101806,0
Crew_10007,Flt_100989,0
Crew_10037,Flt_101623,0
Crew_10037,Flt_101493,0
Crew_10037,Flt_100262,0
Crew_10037,Flt_101141,0
Crew_10037,Flt_100057,0
Crew_10065,Flt_101779,0
Crew_10065,Flt_101702,0
Crew_10065,Flt_101188,0
Crew_10065,Flt_102152,0
Crew_10065,Flt_101515,0
Crew_10065,Flt_101225,0
Crew_10065,Flt_101311,0
Crew_10065,Flt_101301,0
Crew_10065,Flt_101448,0
Crew_10065,Flt_100746,0
Crew_10065,Flt_102273,0
Crew_10065,Flt_101626,0
Crew_10068,Flt_100098,0
Crew_10068,Flt_100393,0
Crew_10068,Flt_102059,0
Crew_10068,grd_100010,0
Crew_10068,grd_100186,0
Crew_10069,Flt_100227,0
Crew_10069,Flt_101254,0
Crew_10069,Flt_101915,0
Crew_10069,Flt_100851,0
Crew_10069,Flt_102021,0
Crew_10069,Flt_101081,0
Crew_10069,Flt_101580,0
Crew_10069,Flt_100128,0
Crew_10069,Flt_101003,0
Crew_10069,Flt_100166,0
Crew_10069,Flt_100112,0
Crew_10069,Flt_101193,0
Crew_10078,Flt_100971,0
Crew_10078,Flt_102065,0
Crew_10078,Flt_101200,0
Crew_10078,grd_100189,0
Crew_10078,grd_100640,0
Crew_10079,Flt_100531,0
Crew_10079,Flt_102219,0
Crew_10079,Flt_101857,0
Crew_10079,Flt_100896,0
Crew_10079,Flt_100042,0
Crew_10079,Flt_100043,0
Crew_10084,Flt_105070,0
Crew_10084,Flt_104000,0
Crew_10084,Flt_110104,0
Crew_10084,grd_100045,0
Crew_10084,grd_100321,0
Crew_10084,grd_100023,0
Crew_10084,grd_100540,0
Crew_10084,grd_100176,0
Crew_10084,grd_100361,0
Crew_10084,grd_100009,0
Crew_10093,Flt_101362,0
Crew_10093,Flt_100145,0
Crew_10093,Flt_100189,0
Crew_10093,Flt_100478,0
Crew_10093,Flt_101510,0
Crew_10093,Flt_101664,0
Crew_10093,Flt_100715,0
Crew_10093,Flt_100553,0
Crew_10093,Flt_101583,0
Crew_10104,Flt_100442,0
Crew_10104,Flt_101906,0
Crew_10104,Flt_101176,0
Crew_10104,Flt_100229,0
Crew_10114,Flt_100816,0
Crew_10114,Flt_102055,0
Crew_10114,Flt_101474,0
Crew_10114,Flt_100088,0
Crew_10122,Flt_101707,0
Crew_10122,Flt_100321,0
Crew_10122,Flt_101882,0
Crew_10122,Flt_101000,0
Crew_10122,Flt_102165,0
Crew_10125,Flt_101118,0
Crew_10125,Flt_100753,0
Crew_10125,Flt_102262,0
Crew_10125,Flt_101738,0
Crew_10125,Flt_102229,0
Crew_10125,Flt_101375,0
Crew_10132,Flt_101706,0
Crew_10132,Flt_100102,0
Crew_10132,Flt_100185,0
Crew_10132,Flt_100265,0
Crew_10132,Flt_100497,0
Crew_10132,Flt_100639,0
Crew_10132,Flt_102214,0
Crew_10132,Flt_100972,0
Crew_10132,Flt_112599,0
Crew_10132,grd_100005,0
Crew_10132,grd_100006,0
Crew_10132,grd_100165,0
Crew_10134,Flt_100648,0
Crew_10134,Flt_101986,0
Crew_10134,Flt_100256,0
Crew_10134,Flt_100695,0
Crew_10134,Flt_101959,0
Crew_10134,Flt_101231,0
Crew_10134,Flt_101089,0
Crew_10134,Flt_101492,0
Crew_10134,Flt_100829,0
Crew_10134,Flt_102047,0
Crew_10136,Flt_101462,0
Crew_10136,Flt_101594,0
Crew_10136,Flt_101733,0
Crew_10136,Flt_101869,0
Crew_10136,Flt_102179,0
Crew_10136,Flt_100496,0
Crew_10136,Flt_101321,0
Crew_10137,Flt_101597,0
Crew_10137,Flt_101829,0
Crew_10137,Flt_101540,0
Crew_10137,Flt_102003,0
Crew_10137,Flt_101223,0
Crew_10137,Flt_101745,0
Crew_10137,Flt_100629,0
Crew_10137,Flt_101157,0
Crew_10137,Flt_100134,0
Crew_10140,Flt_100218,0
Crew_10140,Flt_101056,0
Crew_10140,Flt_101033,0
Crew_10146,Flt_100999,0
Crew_10146,Flt_100910,0
Crew_10146,Flt_101638,0
Crew_10146,grd_100155,0
Crew_10146,ddh_101070,1
Crew_10147,Flt_101175,0
Crew_10147,Flt_102043,0
Crew_10147,Flt_101614,0
Crew_10147,Flt_100263,0
Crew_10147,Flt_101560,0
Crew_10147,Flt_101159,0
Crew_10147,Flt_101236,0
Crew_10147,Flt_101453,0
Crew_10148,Flt_101609,0
Crew_10148,Flt_100307,0
Crew_10148,Flt_101061,0
Crew_10148,Flt_100117,0
Crew_10148,Flt_101314,0
Crew_10148,Flt_100439,0
Crew_10148,Flt_101530,0
Crew_10148,Flt_101783,0
Crew_10148,Flt_102143,0
Crew_10148,Flt_101990,0
Crew_10149,Flt_101836,0
Crew_10149,Flt_101477,0
Crew_10149,Flt_101481,0
Crew_10149,Flt_100850,0
Crew_10149,Flt_100194,0
Crew_10149,Flt_100483,0
Crew_10149,Flt_100274,0
Crew_10151,Flt_100162,0
Crew_10151,Flt_100320,0
Crew_10151,Flt_101267,0
Crew_10151,grd_100576,0
Crew_10154,Flt_100314,0
Crew_10154,Flt_100518,0
Crew_10154,Flt_101025,0
Crew_10154,Flt_101975,0
Crew_10154,grd_100556,0
Crew_10154,ddh_100134,1
Crew_10154,grd_100500,0
Crew_10154,grd_100199,0
Crew_10154,grd_100140,0
Crew_10154,grd_100091,0
Crew_10154,grd_100028,0
Crew_10154,grd_100623,0
Crew_10154,grd_100175,0
Crew_10154,grd_100563,0
Crew_10154,grd_100229,0
Crew_10154,grd_100066,0
Crew_10154,grd_100524,0
Crew_10154,grd_100031,0
Crew_10155,Flt_101999,0
Crew_10155,Flt_101792,0
Crew_10155,Flt_101637,0
Crew_10156,Flt_100771,0
Crew_10156,Flt_102072,0
Crew_10156,Flt_101567,0
Crew_10156,Flt_101217,0
Crew_10156,grd_100144,0
Crew_10156,grd_100096,0
Crew_10156,grd_100423,0
Crew_10157,Flt_101266,0
Crew_10157,Flt_101486,0
Crew_10157,Flt_101811,0
Crew_10157,Flt_100915,0
Crew_10157,Flt_102104,0
Crew_10157,Flt_102106,0
Crew_10157,Flt_100223,0
Crew_10157,Flt_100739,0
Crew_10157,Flt_101622,0
Crew_10159,Flt_102135,0
Crew_10159,Flt_101994,0
Crew_10159,Flt_101708,0
Crew_10163,Flt_101491,0
Crew_10163,Flt_100465,0
Crew_10163,Flt_101054,0
Crew_10163,grd_100530,0
Crew_10163,grd_100154,0
Crew_10178,Flt_101934,0
Crew_10178,Flt_101198,0
Crew_10178,Flt_102146,0
Crew_10178,Flt_109708,0
Crew_10178,Flt_110475,0
Crew_10178,Flt_106948,0
Crew_10179,Flt_102123,0
Crew_10179,Flt_102124,0
Crew_10179,Flt_100691,0
Crew_10179,Flt_100177,0
Crew_10179,Flt_101238,0
Crew_10179,Flt_100721,0
Crew_10179,Flt_100165,0
Crew_10179,Flt_101933,0
Crew_10195,Flt_101359,0
Crew_10195,Flt_102253,0
Crew_10195,Flt_101595,0
Crew_10195,Flt_101172,0
Crew_10195,grd_100489,0
Crew_10195,grd_100578,0
Crew_10195,grd_100491,0
Crew_10195,grd_100331,0
Crew_10195,grd_100113,0
Crew_10195,grd_100172,0
Crew_10195,grd_100276,0
Crew_10195,grd_100108,0
Crew_10195,grd_100069,0
Crew_10195,grd_100007,0
Crew_10195,grd_100064,0
Crew_10195,grd_100100,0
Crew_10195,grd_100512,0
Crew_10195,grd_100016,0
Crew_10204,Flt_102261,0
Crew_10204,Flt_100874,0
Crew_10204,Flt_100985,0
Crew_10204,Flt_101748,0
Crew_10204,Flt_101319,0
Crew_10204,Flt_100037,0
Crew_10204,Flt_100038,0
Crew_10205,Flt_101701,0
Crew_10205,Flt_101189,0
Crew_10205,grd_100243,0
Crew_10205,grd_100072,0
Crew_10205,grd_100520,0
Crew_10205,grd_100213,0
Crew_10205,grd_100122,0
Crew_10205,grd_100358,0
Crew_10205,grd_100277,0
Crew_10205,grd_100180,0
Crew_10205,grd_100121,0
Crew_10205,grd_100401,0
Crew_10205,grd_100210,0
Crew_10205,grd_100102,0
Crew_10205,grd_100324,0
Crew_10205,grd_100626,0
Crew_10205,grd_100178,0
Crew_10206,Flt_100679,0
Crew_10206,Flt_101632,0
Crew_10206,Flt_101633,0
Crew_10206,grd_100153,0
Crew_10207,Flt_101605,0
Crew_10207,Flt_100544,0
Crew_10207,Flt_101740,0
Crew_10207,Flt_100350,0
Crew_10207,Flt_102182,0
Crew_10207,Flt_101671,0
Crew_10210,Flt_101250,0
Crew_10210,Flt_100074,0
Crew_10210,Flt_101683,0
Crew_10210,Flt_100582,0
Crew_10210,grd_100048,0
Crew_10210,grd_100011,0
Crew_10210,grd_100012,0
Crew_10210,grd_100013,0
Crew_10210,grd_100015,0
Crew_10218,Flt_101846,0
Crew_10218,Flt_100159,0
Crew_10218,Flt_100680,0
Crew_10220,Flt_101922,0
Crew_10222,Flt_100399,0
Crew_10222,Flt_101271,0
Crew_10222,Flt_100252,0
Crew_10222,Flt_101716,0
Crew_10222,grd_100388,0
Crew_10222,grd_100600,0
Crew_10222,grd_100298,0
Crew_10222,grd_100509,0
Crew_10222,grd_100139,0
Crew_10222,grd_100135,0
Crew_10222,grd_100391,0
Crew_10222,grd_100068,0
Crew_10222,grd_100393,0
Crew_10222,grd_100458,0
Crew_10222,grd_100307,0
Crew_10222,grd_100676,0
Crew_10222,grd_100414,0
Crew_10224,Flt_102110,0
Crew_10224,Flt_100503,0
Crew_10224,Flt_101619,0
Crew_10224,Flt_100414,0
Crew_10224,Flt_101137,0
Crew_10224,Flt_100347,0
Crew_10229,Flt_100084,0
Crew_10229,Flt_100744,0
Crew_10229,Flt_102132,0
Crew_10229,Flt_101383,0
Crew_10229,Flt_100269,0
Crew_10229,Flt_102308,0
Crew_10237,Flt_100009,0
Crew_10237,Flt_101979,0
Crew_10237,Flt_101905,0
Crew_10237,Flt_102313,0
Crew_10237,Flt_100485,0
Crew_10237,Flt_100914,0
Crew_10237,Flt_101144,0
Crew_10254,Flt_101245,0
Crew_10254,Flt_101330,0
Crew_10254,Flt_100481,0
Crew_10254,Flt_100543,0
Crew_10254,Flt_101222,0
Crew_10255,Flt_100532,0
Crew_10255,Flt_101677,0
Crew_10255,Flt_101328,0
Crew_10255,grd_100618,0
Crew_10255,grd_100026,0
Crew_10263,Flt_100079,0
Crew_10263,Flt_100653,0
Crew_10263,Flt_100181,0
Crew_10263,Flt_100259,0
Crew_10263,Flt_101568,0
Crew_10264,Flt_101776,0
Crew_10264,Flt_101723,0
Crew_10264,Flt_100766,0
Crew_10264,Flt_102302,0
Crew_10271,Flt_100034,0
Crew_10271,Flt_101366,0
Crew_10271,Flt_101859,0
Crew_10271,Flt_100114,0
Crew_10271,grd_100156,0
Crew_10271,grd_100657,0
Crew_10271,grd_100641,0
Crew_10271,grd_100642,0
Crew_10271,grd_100024,0
Crew_10271,grd_100162,0
Crew_10272,Flt_102263,0
Crew_10272,Flt_101335,0
Crew_10272,Flt_100480,0
Crew_10272,Flt_101295,0
Crew_10272,Flt_101508,0
Crew_10272,Flt_100056,0
Crew_10274,Flt_102267,0
Crew_10274,Flt_100950,0
Crew_10274,Flt_100897,0
Crew_10274,Flt_101498,0
Crew_10274,Flt_102013,0
Crew_10275,Flt_101791,0
Crew_10275,Flt_101558,0
Crew_10277,Flt_101654,0
Crew_10277,Flt_101579,0
Crew_10277,Flt_100201,0
Crew_10277,Flt_100499,0
Crew_10277,Flt_100678,0
Crew_10277,Flt_100762,0
Crew_10277,Flt_101060,0
Crew_10277,Flt_100978,0
Crew_10277,grd_100367,0
Crew_10277,grd_100456,0
Crew_10277,grd_100562,0
Crew_10277,grd_100008,0
Crew_10277,grd_100183,0
Crew_10277,grd_100382,0
Crew_10280,Flt_100327,0
Crew_10280,Flt_102067,0
Crew_10280,Flt_101171,0
Crew_10280,Flt_101757,0
Crew_10280,Flt_100943,0
Crew_10280,Flt_100959,0
Crew_10280,Flt_101925,0
Crew_10287,Flt_100735,0
Crew_10287,Flt_100008,0
Crew_10287,Flt_101929,0
Crew_10293,Flt_101603,0
Crew_10293,Flt_101908,0
Crew_10293,Flt_100993,0
Crew_10293,Flt_101574,0
Crew_10293,Flt_102018,0
Crew_10293,Flt_100122,0
Crew_10295,Flt_101406,0
Crew_10295,Flt_100797,0
Crew_10295,Flt_100522,0
Crew_10296,Flt_101425,0
Crew_10296,Flt_101935,0
Crew_10296,Flt_101512,0
Crew_10296,Flt_102296,0
Crew_10296,Flt_100140,0
Crew_10296,Flt_102331,0
Crew_10296,Flt_100444,0
Crew_10311,Flt_100677,0
Crew_10318,Flt_101420,0
Crew_10318,Flt_101403,0
Crew_10318,Flt_102315,0
Crew_10318,Flt_100278,0
Crew_10318,Flt_100565,0
Crew_10318,Flt_101765,0
Crew_10318,Flt_101458,0
Crew_10319,Flt_100157,0
Crew_10319,Flt_100158,0
Crew_10319,Flt_100770,0
Crew_10319,Flt_101441,0
Crew_10322,Flt_100862,0
Crew_10322,Flt_100863,0
Crew_10322,Flt_102015,0
Crew_10322,Flt_100539,0
Crew_10322,Flt_102016,0
Crew_10324,Flt_100394,0
Crew_10324,Flt_100101,0
Crew_10324,Flt_101784,0
Crew_10324,grd_100617,0
Crew_10324,grd_100143,0
Crew_10324,ddh_100084,1
Crew_10329,Flt_100585,0
Crew_10338,Flt_100668,0
Crew_10338,Flt_100669,0
Crew_10338,Flt_101953,0
Crew_10338,Flt_101730,0
Crew_10344,Flt_101983,0
Crew_10344,Flt_101178,0
Crew_10344,Flt_101640,0
Crew_10344,Flt_100983,0
Crew_10344,Flt_100899,0
Crew_10346,Flt_101203,0
Crew_10346,Flt_101713,0
Crew_10346,Flt_100952,0
Crew_10347,Flt_101550,0
Crew_10347,Flt_101482,0
Crew_10347,Flt_101351,0
Crew_10352,Flt_100002,0
Crew_10352,Flt_101024,0
Crew_10352,Flt_100811,0
Crew_10352,Flt_101440,0
Crew_10352,Flt_102155,0
Crew_10352,Flt_101563,0
Crew_10352,Flt_101010,0
Crew_10352,Flt_101963,0
Crew_10352,Flt_102173,0
Crew_10358,Flt_102276,0
Crew_10358,Flt_100748,0
Crew_10358,Flt_101549,0
Crew_10358,grd_100481,0
Crew_10373,Flt_102295,0
Crew_10373,Flt_101211,0
Crew_10373,Flt_100835,0
Crew_10373,Flt_105399,0
Crew_10378,Flt_101404,0
Crew_10378,Flt_101539,0
Crew_10378,Flt_101101,0
Crew_10381,Flt_100513,0
Crew_10381,Flt_100018,0
Crew_10381,Flt_100230,0
Crew_10411,Flt_101257,0
Crew_10411,Flt_102196,0
Crew_10411,Flt_102163,0
Crew_10411,Flt_100542,0
Crew_10411,Flt_101296,0
Crew_10411,Flt_100288,0
Crew_10411,Flt_100724,0
Crew_10411,Flt_101093,0
Crew_10416,Flt_101985,0
Crew_10416,Flt_102194,0
Crew_10416,Flt_101692,0
Crew_10416,Flt_101037,0
Crew_10416,grd_100384,0
Crew_10416,grd_100232,0
Crew_10416,grd_100078,0
Crew_10416,grd_100079,0
Crew_10416,grd_100081,0
Crew_10418,Flt_101848,0
Crew_10418,Flt_101352,0
Crew_10418,Flt_101787,0
Crew_10418,Flt_100765,0
Crew_10418,Flt_100046,0
Crew_10418,Flt_101005,0
Crew_10418,Flt_101816,0
Crew_10418,Flt_102088,0
Crew_10419,Flt_101789,0
Crew_10419,Flt_100529,0
Crew_10419,Flt_101514,0
Crew_10419,Flt_101957,0
Crew_10419,Flt_100277,0
Crew_10421,Flt_100449,0
Crew_10421,Flt_100576,0
Crew_10421,Flt_100848,0
Crew_10421,Flt_100849,0
Crew_10421,Flt_100705,0
Crew_10424,Flt_100872,0
Crew_10424,Flt_100948,0
Crew_10424,Flt_100581,0
Crew_10424,grd_100035,0
Crew_10424,grd_100036,0
Crew_10446,Flt_100814,0
Crew_10446,Flt_102125,0
Crew_10446,Flt_100823,0
Crew_10446,grd_100049,0
Crew_10452,Flt_100081,0
Crew_10452,Flt_101421,0
Crew_10452,Flt_101499,0
Crew_10452,Flt_101500,0
Crew_10452,Flt_102222,0
Crew_10461,Flt_106565,0
Crew_10461,Flt_107641,0
Crew_10461,Flt_110099,0
Crew_10461,Flt_106566,0
Crew_10467,Flt_102050,0
Crew_10473,Flt_101726,0
Crew_10473,Flt_101729,0
Crew_10473,Flt_100359,0
Crew_10473,Flt_100060,0
Crew_10473,Flt_101752,0
Crew_10474,Flt_100758,0
Crew_10474,Flt_102001,0
Crew_10474,Flt_101495,0
Crew_10478,Flt_101987,0
Crew_10478,Flt_101839,0
Crew_10482,Flt_100332,0
Crew_10482,Flt_100830,0
Crew_10482,Flt_101864,0
Crew_10482,Flt_101562,0
Crew_10482,Flt_100175,0
Crew_10484,Flt_101997,0
Crew_10484,Flt_101057,0
Crew_10484,Flt_101428,0
Crew_10484,Flt_100466,0
Crew_10484,grd_100330,0
Crew_10484,grd_100157,0
Crew_10484,grd_100658,0
Crew_10484,grd_100159,0
Crew_10484,grd_100643,0
Crew_10484,grd_100161,0
Crew_10484,grd_100284,0
Crew_10484,grd_100208,0
Crew_10484,grd_100209,0
Crew_10496,Flt_101694,0
Crew_10496,Flt_101838,0
Crew_10496,Flt_101649,0
Crew_10496,Flt_100193,0
Crew_10496,Flt_101374,0
Crew_10499,Flt_101256,0
Crew_10499,Flt_101214,0
Crew_10499,Flt_101797,0
Crew_10499,Flt_100285,0
Crew_10499,Flt_102247,0
Crew_10499,Flt_101230,0
Crew_10499,Flt_101625,0
Crew_10499,Flt_100968,0
Crew_10500,Flt_102052,0
Crew_10503,Flt_100243,0
Crew_10503,Flt_101414,0
Crew_10503,Flt_100981,0
Crew_10503,Flt_101744,0
Crew_10503,Flt_100438,0
Crew_10503,Flt_101313,0
Crew_10503,Flt_101015,0
Crew_10503,Flt_102255,0
Crew_10503,Flt_100519,0
Crew_10503,Flt_100316,0
Crew_10503,Flt_100960,0
Crew_10503,grd_100158,0
Crew_10503,grd_100160,0
Crew_10503,grd_100112,0
Crew_10503,grd_100660,0
Crew_10508,Flt_100747,0
Crew_10508,Flt_101746,0
Crew_10508,Flt_100446,0
Crew_10508,Flt_100142,0
Crew_10516,Flt_101612,0
Crew_10516,Flt_101204,0
Crew_10517,Flt_100749,0
Crew_10517,Flt_100164,0
Crew_10517,Flt_102314,0
Crew_10517,Flt_101881,0
Crew_10517,Flt_101823,0
Crew_10517,Flt_100932,0
Crew_10522,Flt_101343,0
Crew_10522,Flt_101470,0
Crew_10522,Flt_100387,0
Crew_10522,Flt_101133,0
Crew_10522,Flt_100344,0
Crew_10522,Flt_101764,0
Crew_10522,Flt_100625,0
Crew_10522,Flt_100129,0
Crew_10523,Flt_101921,0
Crew_10523,Flt_100089,0
Crew_10523,Flt_102232,0
Crew_10523,Flt_100696,0
Crew_10523,Flt_101646,0
Crew_10524,Flt_102136,0
Crew_10524,Flt_102209,0
Crew_10524,Flt_101071,0
Crew_10524,Flt_101587,0
Crew_10524,Flt_101766,0
Crew_10524,Flt_101852,0
Crew_10524,Flt_100670,0
Crew_10525,Flt_100313,0
Crew_10525,Flt_100094,0
Crew_10525,Flt_100975,0
Crew_10528,Flt_100479,0
Crew_10528,Flt_102076,0
Crew_10528,Flt_107555,0
Crew_10536,Flt_100303,0
Crew_10536,Flt_101541,0
Crew_10536,Flt_101413,0
Crew_10539,Flt_100216,0
Crew_10539,Flt_101075,0
Crew_10539,Flt_102014,0
Crew_10539,Flt_100640,0
Crew_10539,Flt_101169,0
Crew_10539,Flt_101895,0
Crew_10540,Flt_101243,0
Crew_10540,Flt_100291,0
Crew_10540,Flt_100492,0
Crew_10540,Flt_100878,0
Crew_10540,Flt_101469,0
Crew_10540,Flt_101039,0
Crew_10547,Flt_100048,0
Crew_10547,Flt_100845,0
Crew_10547,Flt_101537,0
Crew_10547,Flt_100925,0
Crew_10547,Flt_101636,0
Crew_10547,Flt_100736,0
Crew_10557,Flt_100248,0
Crew_10557,Flt_102148,0
Crew_10557,Flt_101639,0
Crew_10557,Flt_101794,0
Crew_10557,Flt_101954,0
Crew_10557,Flt_101156,0
Crew_10557,Flt_100202,0
Crew_10564,Flt_101629,0
Crew_10564,Flt_102286,0
Crew_10564,Flt_101938,0
Crew_10572,Flt_102195,0
Crew_10572,Flt_101184,0
Crew_10572,Flt_100254,0
Crew_10572,Flt_100118,0
Crew_10572,Flt_100255,0
Crew_10581,Flt_101924,0
Crew_10581,Flt_100588,0
Crew_10581,grd_100516,0
Crew_10581,grd_100223,0
Crew_10581,grd_100037,0
Crew_10581,grd_100440,0
Crew_10581,grd_100441,0
Crew_10581,grd_100485,0
Crew_10581,grd_100444,0
Crew_10581,ddh_101184,1
Crew_10590,Flt_101259,0
Crew_10590,Flt_100085,0
Crew_10590,Flt_100086,0
Crew_10591,Flt_102049,0
Crew_10591,Flt_102289,0
Crew_10591,Flt_102223,0
Crew_10591,Flt_102237,0
Crew_10591,Flt_101447,0
Crew_10591,Flt_102085,0
Crew_10591,Flt_100933,0
Crew_10595,Flt_101471,0
Crew_10595,Flt_102306,0
Crew_10595,Flt_100990,0
Crew_10597,Flt_101855,0
Crew_10597,Flt_100973,0
Crew_10597,Flt_101856,0
Crew_10597,Flt_100339,0
Crew_10597,Flt_101863,0
Crew_10597,Flt_100045,0
Crew_10597,Flt_101964,0
Crew_10597,Flt_100554,0
Crew_10597,Flt_101885,0
Crew_10602,Flt_100375,0
Crew_10602,Flt_100593,0
Crew_10602,Flt_101487,0
Crew_10607,Flt_101901,0
Crew_10607,Flt_102117,0
Crew_10607,Flt_101721,0
Crew_10607,Flt_100337,0
Crew_10607,Flt_102175,0
Crew_10607,Flt_100641,0
Crew_10607,Flt_101667,0
Crew_10609,Flt_102260,0
Crew_10609,Flt_100007,0
Crew_10609,Flt_101139,0
Crew_10609,Flt_100353,0
Crew_10609,Flt_101955,0
Crew_10611,Flt_100800,0
Crew_10611,Flt_101977,0
Crew_10611,Flt_101647,0
Crew_10611,Flt_102154,0
Crew_10611,Flt_102225,0
Crew_10612,Flt_100019,0
Crew_10612,Flt_100156,0
Crew_10612,Flt_101511,0
Crew_10612,Flt_101146,0
Crew_10612,Flt_101825,0
Crew_10612,Flt_100567,0
Crew_10612,Flt_101522,0
Crew_10612,Flt_100587,0
Crew_10612,Flt_101261,0
Crew_10612,Flt_101616,0
Crew_10612,Flt_101348,0
Crew_10613,Flt_100650,0
Crew_10613,Flt_100150,0
Crew_10613,Flt_100341,0
Crew_10613,Flt_101960,0
Crew_10613,Flt_102108,0
Crew_10613,Flt_100671,0
Crew_10613,Flt_102147,0
Crew_10614,Flt_100380,0
Crew_10614,Flt_101339,0
Crew_10614,Flt_101777,0
Crew_10614,Flt_100041,0
Crew_10614,Flt_100412,0
Crew_10614,Flt_100203,0
Crew_10614,Flt_102023,0
Crew_10620,Flt_102111,0
Crew_10620,Flt_102211,0
Crew_10620,Flt_101868,0
Crew_10620,Flt_100336,0
Crew_10620,Flt_101320,0
Crew_10620,Flt_100437,0
Crew_10620,Flt_100063,0
Crew_10620,Flt_101091,0
Crew_10631,Flt_100802,0
Crew_10631,Flt_100300,0
Crew_10637,Flt_101566,0
Crew_10637,Flt_100270,0
Crew_10637,Flt_101526,0
Crew_10637,Flt_100137,0
Crew_10637,Flt_100966,0
Crew_10637,Flt_100396,0
Crew_10637,Flt_100460,0
Crew_10640,Flt_100006,0
Crew_10640,Flt_100869,0
Crew_10640,Flt_101446,0
Crew_10640,Flt_100424,0
Crew_10640,Flt_100058,0
Crew_10641,Flt_100459,0
Crew_10641,Flt_101705,0
Crew_10641,Flt_100173,0
Crew_10641,Flt_100688,0
Crew_10641,Flt_100900,0
Crew_10646,Flt_101680,0
Crew_10646,Flt_100579,0
Crew_10646,Flt_100752,0
Crew_10651,Flt_102137,0
Crew_10651,Flt_101936,0
Crew_10651,Flt_102307,0
Crew_10651,Flt_100477,0
Crew_10651,Flt_101889,0
Crew_10651,Flt_101890,0
Crew_10651,Flt_100635,0
Crew_10656,Flt_100654,0
Crew_10656,Flt_102265,0
Crew_10656,Flt_102300,0
Crew_10656,Flt_102224,0
Crew_10660,Flt_100577,0
Crew_10660,Flt_101047,0
Crew_10660,Flt_101795,0
Crew_10660,Flt_101961,0
Crew_10660,Flt_100922,0
Crew_10660,Flt_102025,0
Crew_10663,Flt_100965,0
Crew_10663,Flt_101849,0
Crew_10663,Flt_100583,0
Crew_10663,Flt_101074,0
Crew_10663,Flt_101951,0
Crew_10663,Flt_100349,0
Crew_10663,Flt_100615,0
Crew_10672,Flt_100655,0
Crew_10672,Flt_101513,0
Crew_10672,Flt_100611,0
Crew_10672,Flt_101310,0
Crew_10672,Flt_100627,0
Crew_10672,Flt_101114,0
Crew_10672,Flt_100087,0
Crew_10672,Flt_101927,0
Crew_10684,Flt_101125,0
Crew_10684,Flt_102216,0
Crew_10684,Flt_100890,0
Crew_10684,Flt_100974,0
Crew_10690,Flt_101202,0
Crew_10690,Flt_101695,0
Crew_10690,Flt_101742,0
Crew_10690,Flt_100619,0
Crew_10690,Flt_100352,0
Crew_10697,Flt_102202,0
Crew_10697,Flt_101480,0
Crew_10697,Flt_100161,0
Crew_10701,Flt_100652,0
Crew_10701,Flt_101286,0
Crew_10701,Flt_101724,0
Crew_10701,Flt_100436,0
Crew_10701,Flt_101669,0
Crew_10701,Flt_101429,0
Crew_10701,Flt_101430,0
Crew_10701,Flt_100231,0
Crew_10702,Flt_101485,0
Crew_10702,Flt_102204,0
Crew_10702,Flt_100742,0
Crew_10702,Flt_110059,0
Crew_10702,Flt_102404,0
Crew_10702,Flt_107267,0
Crew_10705,Flt_100801,0
Crew_10705,Flt_100147,0
Crew_10717,Flt_101648,0
Crew_10717,Flt_100604,0
Crew_10717,Flt_100745,0
Crew_10717,Flt_101546,0
Crew_10717,Flt_101547,0
Crew_10717,Flt_103170,0
Crew_10717,Flt_105374,0
Crew_10717,Flt_106127,0
Crew_10718,Flt_100997,0
Crew_10718,Flt_100482,0
Crew_10718,Flt_100923,0
Crew_10718,Flt_102240,0
Crew_10718,Flt_100781,0
Crew_10718,Flt_100924,0
Crew_10724,Flt_101592,0
Crew_10724,Flt_101593,0
Crew_10724,Flt_101290,0
Crew_10724,Flt_100183,0
Crew_10724,Flt_100066,0
Crew_10724,Flt_101153,0
Crew_10724,Flt_101417,0
Crew_10724,Flt_101699,0
Crew_10724,Flt_100391,0
Crew_10725,Flt_100036,0
Crew_10725,Flt_101793,0
Crew_10725,Flt_101205,0
Crew_10726,Flt_100935,0
Crew_10726,Flt_101642,0
Crew_10726,Flt_101154,0
Crew_10726,Flt_100280,0
Crew_10726,Flt_101228,0
Crew_10727,Flt_100810,0
Crew_10727,Flt_102266,0
Crew_10727,Flt_100474,0
Crew_10727,Flt_101749,0
Crew_10727,Flt_100126,0
Crew_10727,Flt_102150,0
Crew_10727,Flt_100685,0
Crew_10727,Flt_100333,0
Crew_10727,Flt_100686,0
Crew_10730,Flt_101845,0
Crew_10731,Flt_100250,0
Crew_10731,Flt_102149,0
Crew_10731,Flt_100035,0
Crew_10731,grd_100535,0
Crew_10731,ddh_101260,1
Crew_10733,Flt_100527,0
Crew_10733,Flt_101635,0
Crew_10742,Flt_101620,0
Crew_10742,Flt_101930,0
Crew_10742,Flt_100419,0
Crew_10742,Flt_101142,0
Crew_10742,Flt_100188,0
Crew_10742,Flt_101872,0
Crew_10742,grd_100050,0
Crew_10742,grd_100051,0
Crew_10742,grd_100014,0
Crew_10742,grd_100053,0
Crew_10754,Flt_102115,0
Crew_10754,Flt_101173,0
Crew_10754,Flt_101105,0
Crew_10754,Flt_101502,0
Crew_10754,Flt_101870,0
Crew_10754,Flt_101804,0
Crew_10756,Flt_101712,0
Crew_10760,Flt_101386,0
Crew_10760,Flt_100271,0
Crew_10760,Flt_101373,0
Crew_10760,Flt_102178,0
Crew_10760,Flt_101152,0
Crew_10760,Flt_100356,0
Crew_10773,Flt_102122,0
Crew_10773,Flt_100877,0
Crew_10773,Flt_101607,0
Crew_10773,Flt_101065,0
Crew_10773,Flt_101099,0
Crew_10773,Flt_101826,0
Crew_10773,Flt_100490,0
Crew_10773,Flt_100511,0
Crew_10773,Flt_100244,0
Crew_10777,Flt_100354,0
Crew_10777,Flt_101077,0
Crew_10777,Flt_101533,0
Crew_10777,Flt_101317,0
Crew_10777,Flt_101926,0
Crew_10777,Flt_100392,0
Crew_10777,Flt_100504,0
Crew_10777,Flt_100865,0
Crew_10794,Flt_102045,0
Crew_10794,Flt_101910,0
Crew_10801,Flt_101066,0
Crew_10801,Flt_102298,0
Crew_10801,Flt_102031,0
Crew_10801,Flt_100432,0
Crew_10801,Flt_101984,0
Crew_10801,Flt_100070,0
Crew_10802,Flt_102282,0
Crew_10802,Flt_101354,0
Crew_10802,Flt_100617,0
Crew_10802,Flt_102080,0
Crew_10803,Flt_100030,0
Crew_10803,Flt_102293,0
Crew_10803,Flt_100190,0
Crew_10803,Flt_100420,0
Crew_10803,Flt_101389,0
Crew_10803,Flt_100071,0
Crew_10803,Flt_101326,0
Crew_10805,Flt_100237,0
Crew_10815,Flt_101140,0
Crew_10815,Flt_100908,0
Crew_10815,grd_100073,0
Crew_10815,grd_100377,0
Crew_10815,grd_100363,0
Crew_10815,grd_100378,0
Crew_10815,grd_100116,0
Crew_10815,grd_100335,0
Crew_10815,grd_100018,0
Crew_10815,grd_100181,0
Crew_10815,grd_100182,0
Crew_10815,grd_100385,0
Crew_10815,grd_100295,0
Crew_10816,Flt_100508,0
Crew_10816,Flt_101329,0
Crew_10816,Flt_102161,0
Crew_10816,Flt_100996,0
Crew_10816,Flt_100623,0
Crew_10816,Flt_101812,0
Crew_10818,Flt_100645,0
Crew_10818,Flt_101847,0
Crew_10818,Flt_106488,0
Crew_10818,Flt_108639,0
Crew_10818,Flt_105003,0
Crew_10818,Flt_104730,0
Crew_10818,Flt_104731,0
Crew_10818,Flt_111900,0
Crew_10818,Flt_106596,0
Crew_10818,Flt_106918,0
Crew_10818,Flt_104701,0
Crew_10818,grd_100288,0
Crew_10823,Flt_101478,0
Crew_10823,Flt_101479,0
Crew_10823,Flt_100881,0
Crew_10823,Flt_102012,0
Crew_10823,Flt_100413,0
Crew_10823,Flt_100788,0
Crew_10823,Flt_101163,0
Crew_10824,Flt_100600,0
Crew_10824,Flt_101405,0
Crew_10824,grd_100598,0
Crew_10824,grd_100482,0
Crew_10824,grd_100442,0
Crew_10824,grd_100443,0
Crew_10824,grd_100486,0
Crew_10826,Flt_100986,0
Crew_10826,Flt_102156,0
Crew_10826,Flt_100608,0
Crew_10826,Flt_101085,0
Crew_10826,Flt_100430,0
Crew_10826,Flt_100659,0
Crew_10826,Flt_101258,0
Crew_10826,Flt_101918,0
Crew_10828,Flt_101427,0
Crew_10828,Flt_102081,0
Crew_10828,Flt_100618,0
Crew_10828,Flt_100534,0
Crew_10833,Flt_100461,0
Crew_10833,Flt_100462,0
Crew_10834,Flt_102257,0
Crew_10834,Flt_100376,0
Crew_10834,Flt_102189,0
Crew_10834,Flt_100940,0
Crew_10838,Flt_101497,0
Crew_10844,Flt_102311,0
Crew_10844,Flt_100433,0
Crew_10844,Flt_101307,0
Crew_10844,Flt_102170,0
Crew_10845,Flt_101281,0
Crew_10845,Flt_101432,0
Crew_10845,Flt_101069,0
Crew_10845,Flt_100769,0
Crew_10845,Flt_100273,0
Crew_10845,Flt_100209,0
Crew_10845,Flt_101455,0
Crew_10846,Flt_100096,0
Crew_10846,Flt_101703,0
Crew_10846,Flt_100750,0
Crew_10846,grd_100432,0
Crew_10846,grd_100137,0
Crew_10847,Flt_100163,0
Crew_10847,Flt_100901,0
Crew_10847,Flt_101379,0
Crew_10847,Flt_101666,0
Crew_10847,Flt_100633,0
Crew_10847,Flt_100578,0
Crew_10847,Flt_112948,0
Crew_10847,Flt_112586,0
Crew_10847,Flt_110430,0
Crew_10858,grd_100246,0
Crew_10858,grd_100438,0
Crew_10858,grd_100439,0
Crew_10858,grd_100484,0
Crew_10858,grd_100445,0
Crew_10858,grd_100487,0
Crew_10866,Flt_101628,0
Crew_10866,Flt_100612,0
Crew_10866,Flt_101378,0
Crew_10866,Flt_101092,0
Crew_10866,Flt_100494,0
Crew_10866,Flt_101014,0
Crew_10866,Flt_100928,0
Crew_10868,Flt_100562,0
Crew_10868,Flt_101535,0
Crew_10868,Flt_100712,0
Crew_10870,Flt_100761,0
Crew_10870,Flt_101854,0
Crew_10870,Flt_100239,0
Crew_10870,Flt_106489,0
Crew_10870,Flt_108979,0
Crew_10870,Flt_111124,0
Crew_10870,Flt_113287,0
Crew_10872,Flt_101660,0
Crew_10872,Flt_100870,0
Crew_10872,Flt_100072,0
Crew_10872,Flt_108998,0
Crew_10872,Flt_110400,0
Crew_10872,Flt_112221,0
Crew_10873,Flt_101553,0
Crew_10873,Flt_100699,0
Crew_10873,Flt_101226,0
Crew_10877,Flt_101298,0
Crew_10877,Flt_100912,0
Crew_10877,Flt_101121,0
Crew_10877,Flt_101850,0
Crew_10878,Flt_101279,0
Crew_10878,Flt_101206,0
Crew_10878,Flt_100614,0
Crew_10878,Flt_100067,0
Crew_10878,Flt_102035,0
Crew_10879,Flt_100684,0
Crew_10879,Flt_102220,0
Crew_10880,Flt_100709,0
Crew_10880,Flt_100365,0
Crew_10880,Flt_100741,0
Crew_10880,Flt_101689,0
Crew_10880,Flt_101179,0
Crew_10880,grd_100648,0
Crew_10880,grd_100606,0
Crew_10880,grd_100063,0
Crew_10880,grd_100118,0
Crew_10880,grd_100119,0
Crew_10880,grd_100607,0
Crew_10880,grd_100613,0
Crew_10880,grd_100655,0
Crew_10881,Flt_101693,0
Crew_10881,Flt_101062,0
Crew_10881,Flt_101165,0
Crew_10881,Flt_102114,0
Crew_10881,Flt_101682,0
Crew_10885,Flt_101902,0
Crew_10885,Flt_101463,0
Crew_10885,Flt_102112,0
Crew_10885,Flt_103169,0
Crew_10885,Flt_108972,0
Crew_10885,Flt_102410,0
Crew_10885,Flt_111114,0
Crew_10886,Flt_101002,0
Crew_10886,Flt_100852,0
Crew_10886,Flt_101308,0
Crew_10886,Flt_100407,0
Crew_10886,Flt_100647,0
Crew_10886,Flt_102398,0
Crew_10886,Flt_110014,0
Crew_10888,Flt_101049,0
Crew_10888,Flt_101993,0
Crew_10888,Flt_100345,0
Crew_10888,Flt_102324,0
Crew_10888,Flt_100809,0
Crew_10889,Flt_101651,0
Crew_10889,Flt_100125,0
Crew_10889,Flt_102328,0
Crew_10889,Flt_100791,0
Crew_10889,Flt_101760,0
Crew_10889,Flt_100290,0
Crew_10890,Flt_100427,0
Crew_10890,Flt_100853,0
Crew_10890,Flt_101327,0
Crew_10890,Flt_101903,0
Crew_10890,Flt_109357,0
Crew_10890,Flt_102438,0
Crew_10890,Flt_111818,0
Crew_10891,Flt_100031,0
Crew_10891,Flt_101275,0
Crew_10891,Flt_100404,0
Crew_10891,Flt_101283,0
Crew_10891,Flt_100348,0
Crew_10894,Flt_102039,0
Crew_10894,Flt_101899,0
Crew_10894,Flt_100408,0
Crew_10894,Flt_102290,0
Crew_10894,Flt_101942,0
Crew_10894,Flt_100170,0
Crew_10895,Flt_100956,0
Crew_10895,Flt_100020,0
Crew_10895,Flt_101736,0
Crew_10895,Flt_100916,0
Crew_10895,Flt_101396,0
Crew_10895,Flt_100138,0
Crew_10895,Flt_100710,0
Crew_10895,Flt_100488,0
Crew_10895,grd_100145,0
Crew_10895,grd_100398,0
Crew_10899,Flt_101827,0
Crew_10908,Flt_100509,0
Crew_10908,Flt_100941,0
Crew_10908,Flt_102309,0
Crew_10908,Flt_101387,0
Crew_10908,Flt_100068,0
Crew_10908,Flt_100440,0
Crew_10908,Flt_101790,0
Crew_10908,Flt_102186,0
Crew_10908,Flt_102256,0
Crew_10911,Flt_102057,0
Crew_10913,Flt_100719,0
Crew_10913,Flt_100558,0
Crew_10913,Flt_100225,0
Crew_10913,Flt_102193,0
Crew_10913,Flt_101828,0
Crew_10915,Flt_100092,0
Crew_10915,Flt_100093,0
Crew_10915,Flt_100471,0
Crew_10915,Flt_101807,0
Crew_10915,Flt_101887,0
Crew_10915,Flt_100945,0
Crew_10915,Flt_100580,0
Crew_10915,Flt_101844,0
Crew_10919,Flt_101681,0
Crew_10919,Flt_101410,0
Crew_10919,Flt_100421,0
Crew_10919,Flt_100701,0
Crew_10919,Flt_102318,0
Crew_10919,Flt_102092,0
Crew_10919,Flt_101519,0
Crew_10919,Flt_101659,0
Crew_10920,Flt_102238,0
Crew_10920,Flt_100200,0
Crew_10920,Flt_101149,0
Crew_10926,Flt_100160,0
Crew_10926,Flt_101507,0
Crew_10926,Flt_102251,0
Crew_10926,Flt_100934,0
Crew_10926,grd_100001,0
Crew_10928,Flt_101866,0
Crew_10931,Flt_101244,0
Crew_10931,Flt_100796,0
Crew_10931,Flt_100868,0
Crew_10934,Flt_100076,0
Crew_10934,Flt_101529,0
Crew_10934,Flt_100287,0
Crew_10934,grd_100098,0
Crew_10934,grd_100631,0
Crew_10934,grd_100448,0
Crew_10934,grd_100565,0
Crew_10934,grd_100646,0
Crew_10934,grd_100396,0
Crew_10934,grd_100411,0
Crew_10934,grd_100131,0
Crew_10940,Flt_101451,0
Crew_10940,Flt_100364,0
Crew_10940,Flt_100530,0
Crew_10940,Flt_100033,0
Crew_10949,Flt_101046,0
Crew_10949,Flt_100179,0
Crew_10949,Flt_101565,0
Crew_10957,Flt_100561,0
Crew_10957,Flt_101618,0
Crew_10957,Flt_101422,0
Crew_10957,Flt_106152,0
Crew_10957,Flt_112226,0
Crew_10957,Flt_108262,0
Crew_10957,Flt_106903,0
Crew_10957,Flt_102482,0
Crew_10957,Flt_103593,0
Crew_10961,Flt_101658,0
Crew_10961,Flt_101841,0
Crew_10961,Flt_101252,0
Crew_10963,Flt_101678,0
Crew_10963,Flt_101506,0
Crew_10963,Flt_101822,0
Crew_10963,Flt_101315,0
Crew_10963,Flt_102187,0
Crew_10963,Flt_101409,0
Crew_10964,Flt_101672,0
Crew_10964,Flt_101538,0
Crew_10964,Flt_100502,0
Crew_10964,Flt_100991,0
Crew_10964,Flt_100059,0
Crew_10964,Flt_101769,0
Crew_10964,Flt_101484,0
Crew_10965,Flt_100815,0
Crew_10965,Flt_102259,0
Crew_10966,Flt_101725,0
Crew_10966,Flt_101284,0
Crew_10966,Flt_101884,0
Crew_10966,Flt_100777,0
Crew_10966,Flt_101174,0
Crew_10966,Flt_102804,0
Crew_10966,Flt_108991,0
Crew_10967,Flt_102010,0
Crew_10967,Flt_100049,0
Crew_10967,Flt_100064,0
Crew_10967,Flt_100789,0
Crew_10967,Flt_100211,0
Crew_10967,Flt_100563,0
Crew_10967,grd_100408,0
Crew_10967,grd_100204,0
Crew_10967,grd_100670,0
Crew_10967,grd_100061,0
Crew_10967,grd_100228,0
Crew_10967,grd_100187,0
Crew_10967,grd_100478,0
Crew_10967,grd_100564,0
Crew_10967,grd_100226,0
Crew_10967,grd_100278,0
Crew_10968,Flt_100798,0
Crew_10972,Flt_101873,0
Crew_10972,Flt_101444,0
Crew_10972,Flt_101384,0
Crew_10972,Flt_101874,0
Crew_10972,grd_100433,0
Crew_10972,grd_100090,0
Crew_10972,grd_100115,0
Crew_10972,grd_100043,0
Crew_10972,grd_100060,0
Crew_10972,grd_100477,0
Crew_10972,grd_100238,0
Crew_10972,grd_100593,0
Crew_10972,grd_100104,0
Crew_10972,grd_100360,0
Crew_10972,grd_100177,0
Crew_10972,grd_100245,0
Crew_10972,grd_100437,0
Crew_10975,Flt_101980,0
Crew_10980,Flt_102278,0
Crew_10980,Flt_100751,0
Crew_10980,Flt_101741,0
Crew_10980,Flt_100351,0
Crew_10980,Flt_101876,0
Crew_10980,Flt_100702,0
Crew_10980,grd_100076,0
Crew_10980,grd_100077,0
Crew_10980,grd_100573,0
Crew_10980,grd_100087,0
Crew_10980,grd_100088,0
Crew_10983,Flt_100804,0
Crew_10983,Flt_101684,0
Crew_10983,Flt_100873,0
Crew_10983,Flt_101600,0
Crew_10987,Flt_100839,0
Crew_10987,Flt_101288,0
Crew_10987,Flt_100284,0
Crew_10987,Flt_101312,0
Crew_10995,Flt_100840,0
Crew_10995,Flt_102248,0
Crew_10995,Flt_101082,0
Crew_10995,Flt_100520,0
Crew_10995,Flt_100885,0
Crew_10995,Flt_101785,0
Crew_10999,Flt_101968,0
Crew_10999,Flt_100929,0
Crew_10999,Flt_101094,0
Crew_10999,grd_100659,0
Crew_11000,Flt_100120,0
Crew_11000,Flt_100178,0
Crew_11000,Flt_101009,0
Crew_11000,Flt_101392,0
Crew_11000,Flt_100505,0
Crew_11000,Flt_100507,0
Crew_11002,Flt_103259,0
Crew_11002,Flt_102447,0
Crew_11002,Flt_109005,0
Crew_11002,Flt_110064,0
Crew_11002,grd_100166,0
Crew_11002,grd_100451,0
Crew_11002,grd_100239,0
Crew_11002,grd_100348,0
Crew_11008,Flt_100192,0
Crew_11008,Flt_101237,0
Crew_11008,Flt_100210,0
Crew_11008,Flt_101762,0
Crew_11009,Flt_100040,0
Crew_11009,Flt_101131,0
Crew_11009,Flt_102254,0
Crew_11009,Flt_101325,0
Crew_11009,Flt_101246,0
Crew_11031,Flt_101461,0
Crew_11031,Flt_101371,0
Crew_11031,Flt_102177,0
Crew_11031,Flt_101019,0
Crew_11031,Flt_100713,0
Crew_11036,Flt_101494,0
Crew_11036,Flt_100636,0
Crew_11036,Flt_102060,0
Crew_11039,Flt_100764,0
Crew_11039,Flt_100338,0
Crew_11039,Flt_101561,0
Crew_11039,Flt_102294,0
Crew_11039,grd_100134,0
Crew_11039,grd_100203,0
Crew_11039,grd_100492,0
Crew_11039,grd_100425,0
Crew_11039,grd_100665,0
Crew_11039,grd_100269,0
Crew_11039,grd_100435,0
Crew_11039,grd_100316,0
Crew_11039,grd_100503,0
Crew_11039,grd_100452,0
Crew_11039,grd_100369,0
Crew_11039,grd_100313,0
Crew_11040,Flt_101810,0
Crew_11041,Flt_100381,0
Crew_11041,Flt_100658,0
Crew_11041,Flt_102007,0
Crew_11041,Flt_100335,0
Crew_11041,Flt_101394,0
Crew_11041,Flt_102100,0
Crew_11041,Flt_101464,0
Crew_11041,Flt_100808,0
Crew_11041,Flt_110442,0
Crew_11041,Flt_112633,0
Crew_11041,Flt_110443,0
Crew_11041,Flt_103238,0
Crew_11043,Flt_101272,0
Crew_11043,Flt_100325,0
Crew_11043,Flt_100028,0
Crew_11043,Flt_101552,0
Crew_11048,Flt_100401,0
Crew_11048,Flt_100109,0
Crew_11048,Flt_101802,0
Crew_11048,Flt_101803,0
Crew_11048,Flt_102000,0
Crew_11048,Flt_100893,0
Crew_11048,Flt_100976,0
Crew_11048,Flt_101058,0
Crew_11052,Flt_100559,0
Crew_11052,Flt_101892,0
Crew_11052,Flt_100634,0
Crew_11052,Flt_101347,0
Crew_11052,Flt_100083,0
Crew_11052,Flt_100743,0
Crew_11054,Flt_101875,0
Crew_11054,Flt_100191,0
Crew_11054,Flt_101385,0
Crew_11054,Flt_101145,0
Crew_11056,Flt_102008,0
Crew_11056,Flt_101068,0
Crew_11056,Flt_101767,0
Crew_11056,Flt_100306,0
Crew_11056,Flt_101719,0
Crew_11056,Flt_111113,0
Crew_11056,Flt_103273,0
Crew_11062,Flt_101380,0
Crew_11062,Flt_101073,0
Crew_11062,Flt_101970,0
Crew_11062,Flt_101971,0
Crew_11062,Flt_101240,0
Crew_11063,Flt_101162,0
Crew_11063,Flt_100957,0
Crew_11063,Flt_107561,0
Crew_11063,Flt_110025,0
Crew_11063,Flt_108364,0
Crew_11063,Flt_113024,0
Crew_11064,Flt_102026,0
Crew_11064,Flt_100224,0
Crew_11064,Flt_104995,0
Crew_11064,Flt_104250,0
Crew_11064,Flt_107574,0
Crew_11071,Flt_102269,0
Crew_11071,Flt_101182,0
Crew_11071,Flt_101909,0
Crew_11071,Flt_100378,0
Crew_11072,Flt_100099,0
Crew_11072,Flt_101992,0
Crew_11072,grd_100221,0
Crew_11072,ddh_101123,1
Crew_11072,ddh_100221,1
Crew_11072,grd_100170,0
Crew_11072,grd_100333,0
Crew_11072,grd_100148,0
Crew_11072,grd_100532,0
Crew_11072,grd_100044,0
Crew_11072,grd_100561,0
Crew_11072,grd_100450,0
Crew_11072,grd_100625,0
Crew_11072,grd_100654,0
Crew_11072,grd_100459,0
Crew_11072,grd_100257,0
Crew_11074,Flt_101879,0
Crew_11074,Flt_100820,0
Crew_11074,Flt_102128,0
Crew_11074,grd_100281,0
Crew_11074,ddh_100328,1
Crew_11078,Flt_101860,0
Crew_11078,Flt_101277,0
Crew_11078,Flt_101865,0
Crew_11089,Flt_101662,0
Crew_11089,Flt_100154,0
Crew_11089,Flt_100148,0
Crew_11089,Flt_108627,0
Crew_11089,Flt_104005,0
Crew_11089,Flt_102455,0
Crew_11090,Flt_101946,0
Crew_11090,Flt_102082,0
Crew_11090,Flt_100847,0
Crew_11090,Flt_100232,0
Crew_11090,Flt_100090,0
Crew_11090,Flt_101775,0
Crew_11090,Flt_109321,0
Crew_11090,Flt_112926,0
Crew_11090,Flt_104605,0
Crew_11091,Flt_100827,0
Crew_11091,Flt_101995,0
Crew_11094,Flt_102121,0
Crew_11094,Flt_100010,0
Crew_11094,Flt_100011,0
Crew_11094,Flt_101734,0
Crew_11094,Flt_101067,0
Crew_11094,Flt_100931,0
Crew_11094,Flt_101717,0
Crew_11094,Flt_100938,0
Crew_11095,Flt_101557,0
Crew_11095,Flt_100907,0
Crew_11095,Flt_100603,0
Crew_11095,Flt_100363,0
Crew_11095,Flt_101524,0
Crew_11112,Flt_100326,0
Crew_11112,Flt_100238,0
Crew_11112,Flt_101861,0
Crew_11112,Flt_100979,0
Crew_11112,Flt_100782,0
Crew_11112,Flt_100783,0
Crew_11112,Flt_101415,0
Crew_11112,Flt_100656,0
Crew_11156,Flt_100898,0
Crew_11156,Flt_100044,0
Crew_11156,Flt_100787,0
Crew_11156,Flt_101158,0
Crew_11156,Flt_100674,0
Crew_11156,Flt_101120,0
Crew_11156,Flt_107583,0
Crew_11156,Flt_112224,0
Crew_11156,Flt_110053,0
Crew_11156,Flt_108646,0
Crew_11159,Flt_101251,0
Crew_11159,Flt_100738,0
Crew_11159,Flt_101095,0
Crew_11159,Flt_100858,0
Crew_11159,Flt_101534,0
Crew_11159,Flt_102139,0
Crew_11159,Flt_100398,0
Crew_11159,Flt_101053,0
Crew_11166,Flt_100073,0
Crew_11166,Flt_101030,0
Crew_11166,Flt_112219,0
Crew_11166,Flt_106847,0
Crew_11166,Flt_105770,0
Crew_11173,Flt_101755,0
Crew_11173,Flt_101304,0
Crew_11173,Flt_102120,0
Crew_11173,Flt_101604,0
Crew_11173,Flt_100807,0
Crew_11173,Flt_100740,0
Crew_11176,Flt_100995,0
Crew_11176,Flt_101143,0
Crew_11176,Flt_100279,0
Crew_11176,Flt_100711,0
Crew_11176,Flt_100775,0
Crew_11176,Flt_100429,0
Crew_11176,grd_100032,0
Crew_11176,grd_100434,0
Crew_11176,grd_100340,0
Crew_11176,grd_100502,0
Crew_11176,grd_100381,0
Crew_11176,grd_100504,0
Crew_11176,grd_100067,0
Crew_11192,Flt_112275,0
Crew_11192,Flt_103978,0
Crew_11192,Flt_108701,0
Crew_11192,Flt_109437,0
Crew_11192,Flt_112602,0
Crew_11192,Flt_102825,0
Crew_11193,Flt_101323,0
Crew_11193,Flt_100448,0
Crew_11193,Flt_101358,0
Crew_11194,Flt_100113,0
Crew_11194,Flt_100330,0
Crew_11194,Flt_104641,0
Crew_11194,Flt_103919,0
Crew_11194,Flt_106209,0
Crew_11194,Flt_105805,0
Crew_11194,Flt_113705,0
Crew_11194,Flt_108688,0
Crew_11200,Flt_101556,0
Crew_11200,Flt_100889,0
Crew_11200,Flt_110774,0
Crew_11200,Flt_105010,0
Crew_11200,Flt_112935,0
Crew_11202,Flt_102312,0
Crew_11202,Flt_101011,0
Crew_11202,Flt_100888,0
Crew_11202,Flt_112960,0
Crew_11202,Flt_107945,0
Crew_11202,Flt_105025,0
Crew_11202,Flt_111936,0
Crew_11202,Flt_104339,0
Crew_11202,grd_100410,0
Crew_11202,grd_100496,0
Crew_11203,Flt_101103,0
Crew_11203,Flt_111138,0
Crew_11203,Flt_103190,0
Crew_11203,Flt_113727,0
Crew_11203,Flt_113353,0
Crew_11204,Flt_100838,0
Crew_11204,Flt_102169,0
Crew_11204,Flt_100665,0
Crew_11204,Flt_110384,0
Crew_11204,Flt_110762,0
Crew_11204,Flt_107963,0
Crew_11204,Flt_109388,0
Crew_11204,Flt_109744,0
Crew_11209,Flt_101186,0
Crew_11209,Flt_111469,0
Crew_11209,Flt_103161,0
Crew_11209,Flt_108370,0
Crew_11209,Flt_103230,0
Crew_11209,Flt_105854,0
Crew_11209,Flt_112267,0
Crew_11214,Flt_100055,0
Crew_11216,Flt_100947,0
Crew_11216,Flt_105735,0
Crew_11216,Flt_103895,0
Crew_11216,Flt_111529,0
Crew_11216,Flt_102850,0
Crew_11219,Flt_100651,0
Crew_11219,Flt_100219,0
Crew_11219,Flt_100220,0
Crew_11221,Flt_102443,0
Crew_11221,Flt_109362,0
Crew_11221,Flt_112600,0
Crew_11221,Flt_108730,0
Crew_11221,Flt_110897,0
Crew_11221,Flt_103993,0
Crew_11221,Flt_106220,0
Crew_11223,Flt_100050,0
Crew_11223,Flt_101947,0
Crew_11223,Flt_101974,0
Crew_11223,Flt_101151,0
Crew_11223,grd_100114,0
Crew_11223,grd_100605,0
Crew_11223,grd_100192,0
Crew_11223,grd_100469,0
Crew_11223,grd_100637,0
Crew_11227,Flt_100322,0
Crew_11227,Flt_100672,0
Crew_11227,Flt_101798,0
Crew_11227,Flt_102006,0
Crew_11227,Flt_100694,0
Crew_11234,Flt_100281,0
Crew_11234,Flt_101770,0
Crew_11234,Flt_101467,0
Crew_11234,Flt_104616,0
Crew_11234,Flt_110032,0
Crew_11234,Flt_111122,0
Crew_11234,Flt_112248,0
Crew_11234,Flt_112620,0
Crew_11234,Flt_103957,0
Crew_11258,Flt_101943,0
Crew_11258,Flt_100607,0
Crew_11258,Flt_101285,0
Crew_11266,Flt_105014,0
Crew_11266,Flt_109351,0
Crew_11266,Flt_106191,0
Crew_11266,Flt_109392,0
Crew_11266,Flt_106880,0
Crew_11269,Flt_101367,0
Crew_11269,Flt_102074,0
Crew_11269,Flt_101501,0
Crew_11269,Flt_101655,0
Crew_11269,Flt_101750,0
Crew_11269,Flt_101122,0
Crew_11269,Flt_100331,0
Crew_11278,Flt_101739,0
Crew_11278,Flt_101381,0
Crew_11278,grd_100138,0
Crew_11278,grd_100097,0
Crew_11278,grd_100033,0
Crew_11278,grd_100003,0
Crew_11278,grd_100261,0
Crew_11278,grd_100455,0
Crew_11278,grd_100592,0
Crew_11278,grd_100303,0
Crew_11278,grd_100394,0
Crew_11278,grd_100047,0
Crew_11284,Flt_102164,0
Crew_11284,Flt_101299,0
Crew_11284,Flt_101821,0
Crew_11284,Flt_102287,0
Crew_11284,Flt_101435,0
Crew_11288,Flt_101950,0
Crew_11292,Flt_102160,0
Crew_11293,Flt_100415,0
Crew_11294,Flt_101571,0
Crew_11294,Flt_103896,0
Crew_11294,Flt_111139,0
Crew_11297,Flt_102327,0
Crew_11297,Flt_101894,0
Crew_11297,Flt_100737,0
Crew_11297,Flt_101334,0
Crew_11297,Flt_106860,0
Crew_11297,Flt_106512,0
Crew_11297,Flt_106818,0
Crew_11300,Flt_102212,0
Crew_11300,Flt_102028,0
Crew_11300,Flt_101819,0
Crew_11300,Flt_100524,0
Crew_11300,Flt_101050,0
Crew_11300,grd_100457,0
Crew_11300,grd_100622,0
Crew_11300,grd_100216,0
Crew_11300,grd_100548,0
Crew_11300,grd_100120,0
Crew_11300,grd_100614,0
Crew_11300,grd_100585,0
Crew_11300,grd_100342,0
Crew_11305,Flt_107544,0
Crew_11305,Flt_104229,0
Crew_11305,Flt_108618,0
Crew_11305,Flt_105361,0
Crew_11305,grd_100379,0
Crew_11305,grd_100387,0
Crew_11305,grd_100029,0
Crew_11305,grd_100436,0
Crew_11305,grd_100675,0
Crew_11305,grd_100227,0
Crew_11310,Flt_101377,0
Crew_11310,Flt_100621,0
Crew_11310,grd_100275,0
Crew_11310,grd_100474,0
Crew_11310,grd_100462,0
Crew_11310,grd_100124,0
Crew_11310,grd_100514,0
Crew_11310,grd_100225,0
Crew_11310,grd_100065,0
Crew_11310,grd_100070,0
Crew_11310,grd_100615,0
Crew_11316,Flt_109333,0
Crew_11316,Flt_108260,0
Crew_11316,Flt_110396,0
Crew_11316,Flt_108992,0
Crew_11316,grd_100080,0
Crew_11321,Flt_101027,0
Crew_11321,Flt_100115,0
Crew_11321,Flt_101291,0
Crew_11321,Flt_100418,0
Crew_11321,Flt_102097,0
Crew_11321,Flt_101234,0
Crew_11321,Flt_101525,0
Crew_11322,grd_100533,0
Crew_11322,grd_100375,0
Crew_11322,grd_100405,0
Crew_11322,grd_100397,0
Crew_11322,grd_100468,0
Crew_11322,grd_100193,0
Crew_11322,grd_100263,0
Crew_11322,grd_100493,0
Crew_11322,grd_100301,0
Crew_11322,grd_100624,0
Crew_11322,grd_100320,0
Crew_11322,grd_100322,0
Crew_11322,grd_100681,0
Crew_11322,grd_100230,0
Crew_11331,Flt_100697,0
Crew_11331,Flt_101016,0
Crew_11331,Flt_108256,0
Crew_11331,Flt_104601,0
Crew_11331,Flt_110016,0
Crew_11332,Flt_101661,0
Crew_11335,Flt_101688,0
Crew_11335,grd_100499,0
Crew_11335,grd_100163,0
Crew_11336,Flt_111123,0
Crew_11336,Flt_110789,0
Crew_11336,Flt_107231,0
Crew_11336,grd_100150,0
Crew_11336,grd_100052,0
Crew_11337,Flt_102412,0
Crew_11337,Flt_110747,0
Crew_11337,Flt_110373,0
Crew_11340,Flt_100470,0
Crew_11340,Flt_101090,0
Crew_11340,Flt_100136,0
Crew_11340,Flt_100681,0
Crew_11340,Flt_111828,0
Crew_11340,Flt_106831,0
Crew_11344,Flt_102087,0
Crew_11344,Flt_113619,0
Crew_11344,Flt_113268,0
Crew_11344,Flt_111820,0
Crew_11344,Flt_105736,0
Crew_11349,Flt_102153,0
Crew_11349,Flt_100930,0
Crew_11349,Flt_102102,0
Crew_11350,Flt_104632,0
Crew_11350,Flt_105771,0
Crew_11350,Flt_112590,0
Crew_11350,Flt_105425,0
Crew_11350,Flt_111917,0
Crew_11350,Flt_104325,0
Crew_11350,grd_100370,0
Crew_11350,grd_100494,0
Crew_11350,grd_100685,0
Crew_11350,grd_100511,0
Crew_11350,grd_100419,0
Crew_11351,Flt_101835,0
Crew_11351,Flt_102044,0
Crew_11351,Flt_101949,0
Crew_11351,Flt_102101,0
Crew_11351,Flt_100854,0
Crew_11351,Flt_100646,0
Crew_11351,Flt_101673,0
Crew_11351,Flt_102113,0
Crew_11355,Flt_100882,0
Crew_11355,Flt_102279,0
Crew_11355,Flt_102234,0
Crew_11355,Flt_101218,0
Crew_11355,Flt_102037,0
Crew_11355,Flt_101824,0
Crew_11355,Flt_101896,0
Crew_11360,Flt_101679,0
Crew_11360,Flt_101038,0
Crew_11361,Flt_100566,0
Crew_11361,Flt_101668,0
Crew_11361,Flt_101434,0
Crew_11361,Flt_101059,0
Crew_11361,Flt_106855,0
Crew_11361,Flt_106507,0
Crew_11362,Flt_100267,0
Crew_11362,Flt_101735,0
Crew_11362,Flt_100626,0
Crew_11362,Flt_101083,0
Crew_11362,Flt_102119,0
Crew_11362,Flt_101110,0
Crew_11362,Flt_102264,0
Crew_11362,Flt_101545,0
Crew_11362,grd_100649,0
Crew_11362,grd_100270,0
Crew_11362,grd_100680,0
Crew_11362,grd_100479,0
Crew_11362,grd_100495,0
Crew_11362,grd_100656,0
Crew_11364,Flt_100208,0
Crew_11365,Flt_101028,0
Crew_11368,Flt_101457,0
Crew_11368,Flt_101020,0
Crew_11368,Flt_108964,0
Crew_11368,Flt_107195,0
Crew_11368,Flt_107259,0
Crew_11368,Flt_111867,0
Crew_11369,Flt_101224,0
Crew_11370,Flt_100536,0
Crew_11370,Flt_101753,0
Crew_11370,Flt_101754,0
Crew_11371,Flt_101940,0
Crew_11371,Flt_101941,0
Crew_11371,Flt_101076,0
Crew_11371,Flt_100355,0
Crew_11371,Flt_100860,0
Crew_11371,Flt_102181,0
Crew_11371,Flt_100550,0
Crew_11371,Flt_100360,0
Crew_11372,Flt_101527,0
Crew_11372,Flt_107208,0
Crew_11372,Flt_107902,0
Crew_11378,Flt_100205,0
Crew_11378,Flt_100856,0
Crew_11378,Flt_100812,0
Crew_11378,Flt_106821,0
Crew_11378,Flt_102403,0
Crew_11378,Flt_111106,0
Crew_11396,Flt_101988,0
Crew_11396,Flt_100310,0
Crew_11396,grd_100399,0
Crew_11396,grd_100117,0
Crew_11396,grd_100666,0
Crew_11396,grd_100380,0
Crew_11396,grd_100046,0
Crew_11396,grd_100417,0
Crew_11396,grd_100537,0
Crew_11413,Flt_101937,0
Crew_11413,Flt_101357,0
Crew_11413,Flt_101996,0
Crew_11417,Flt_100548,0
Crew_11417,Flt_101084,0
Crew_11417,Flt_105850,0
Crew_11417,Flt_104349,0
Crew_11417,Flt_111928,0
Crew_11417,Flt_107645,0
Crew_11421,Flt_100662,0
Crew_11421,Flt_101989,0
Crew_11421,Flt_100987,0
Crew_11421,Flt_100843,0
Crew_11421,Flt_100441,0
Crew_11421,Flt_101166,0
Crew_11421,Flt_100637,0
Crew_11432,Flt_101468,0
Crew_11432,Flt_102190,0
Crew_11434,Flt_106481,0
Crew_11434,Flt_105749,0
Crew_11434,Flt_104602,0
Crew_11435,Flt_101670,0
Crew_11435,Flt_101998,0
Crew_11435,Flt_101596,0
Crew_11435,Flt_109725,0
Crew_11435,Flt_112958,0
Crew_11435,Flt_109057,0
Crew_11435,Flt_110451,0
Crew_11435,Flt_103248,0
Crew_11435,Flt_103985,0
Crew_11439,Flt_101912,0
Crew_11439,Flt_100379,0
Crew_11439,Flt_101273,0
Crew_11439,Flt_112954,0
Crew_11439,Flt_106852,0
Crew_11439,Flt_107616,0
Crew_11439,Flt_103965,0
Crew_11439,Flt_106890,0
Crew_11444,Flt_105823,0
Crew_11444,Flt_107628,0
Crew_11444,Flt_113708,0
Crew_11447,Flt_100135,0
Crew_11447,Flt_101012,0
Crew_11447,Flt_112957,0
Crew_11447,Flt_106151,0
Crew_11447,Flt_103964,0
Crew_11447,Flt_106902,0
Crew_11447,Flt_112628,0
Crew_11449,Flt_102183,0
Crew_11449,Flt_101588,0
Crew_11449,Flt_100884,0
Crew_11449,Flt_102284,0
Crew_11449,Flt_102800,0
Crew_11449,Flt_106500,0
Crew_11449,Flt_103543,0
Crew_11451,Flt_101044,0
Crew_11453,Flt_101518,0
Crew_11453,Flt_100525,0
Crew_11453,Flt_112646,0
Crew_11453,Flt_102495,0
Crew_11453,Flt_106219,0
Crew_11453,Flt_109436,0
Crew_11453,Flt_113345,0
Crew_11454,Flt_100242,0
Crew_11454,Flt_100909,0
Crew_11454,Flt_101711,0
Crew_11454,Flt_100595,0
Crew_11454,grd_100547,0
Crew_11457,Flt_107898,0
Crew_11457,Flt_102400,0
Crew_11457,Flt_103258,0
Crew_11457,Flt_103565,0
Crew_11457,Flt_111161,0
Crew_11459,Flt_101045,0
Crew_11459,Flt_100317,0
Crew_11459,Flt_100682,0
Crew_11460,Flt_100946,0
Crew_11460,Flt_101333,0
Crew_11460,Flt_101800,0
Crew_11460,Flt_102227,0
Crew_11460,Flt_101945,0
Crew_11460,Flt_100903,0
Crew_11461,Flt_101928,0
Crew_11461,Flt_100234,0
Crew_11461,Flt_100591,0
Crew_11462,Flt_100514,0
Crew_11462,Flt_101345,0
Crew_11462,Flt_100475,0
Crew_11462,Flt_100261,0
Crew_11462,Flt_101442,0
Crew_11463,Flt_106115,0
Crew_11463,Flt_107199,0
Crew_11463,Flt_113623,0
Crew_11469,Flt_101891,0
Crew_11473,Flt_102205,0
Crew_11473,Flt_100103,0
Crew_11473,Flt_101801,0
Crew_11473,Flt_101948,0
Crew_11473,Flt_102299,0
Crew_11475,Flt_101397,0
Crew_11476,Flt_101476,0
Crew_11476,Flt_100664,0
Crew_11476,Flt_113635,0
Crew_11476,Flt_108266,0
Crew_11476,Flt_113637,0
Crew_11478,Flt_100756,0
Crew_11479,grd_100285,0
Crew_11479,grd_100415,0
Crew_11479,grd_100519,0
Crew_11479,grd_100630,0
Crew_11479,grd_100214,0
Crew_11479,grd_100004,0
Crew_11479,grd_100062,0
Crew_11479,grd_100258,0
Crew_11479,grd_100302,0
Crew_11479,grd_100472,0
Crew_11479,grd_100304,0
Crew_11479,grd_100030,0
Crew_11479,grd_100677,0
Crew_11480,Flt_101465,0
Crew_11480,Flt_100299,0
Crew_11480,Flt_101808,0
Crew_11480,Flt_101743,0
Crew_11480,Flt_101022,0
Crew_11480,Flt_101160,0
Crew_11480,Flt_100493,0
Crew_11483,Flt_100305,0
Crew_11483,Flt_101177,0
Crew_11483,Flt_101504,0
Crew_11483,Flt_101645,0
Crew_11483,Flt_100535,0
Crew_11483,Flt_101820,0
Crew_11483,Flt_101585,0
Crew_11483,Flt_102029,0
Crew_11486,Flt_101690,0
Crew_11486,Flt_112601,0
Crew_11486,Flt_105023,0
Crew_11491,Flt_100700,0
Crew_11491,Flt_100772,0
Crew_11491,Flt_110739,0
Crew_11491,Flt_110740,0
Crew_11491,Flt_102567,0
Crew_11492,Flt_101488,0
Crew_11492,Flt_101932,0
Crew_11492,Flt_102180,0
Crew_11492,Flt_102107,0
Crew_11492,Flt_102118,0
Crew_11492,Flt_101685,0
Crew_11492,Flt_100875,0
Crew_11492,Flt_100013,0
Crew_11494,Flt_100495,0
Crew_11495,Flt_112933,0
Crew_11495,Flt_103534,0
Crew_11495,Flt_103266,0
Crew_11495,Flt_108371,0
Crew_11495,Flt_110880,0
Crew_11495,Flt_105478,0
Crew_11502,Flt_100104,0
Crew_11502,Flt_102208,0
Crew_11502,grd_100645,0
Crew_11502,grd_100661,0
Crew_11502,grd_100461,0
Crew_11502,grd_100299,0
Crew_11502,grd_100173,0
Crew_11502,grd_100386,0
Crew_11502,grd_100674,0
Crew_11502,grd_100632,0
Crew_11503,Flt_101086,0
Crew_11506,Flt_102158,0
Crew_11506,Flt_102073,0
Crew_11506,Flt_100728,0
Crew_11506,Flt_101322,0
Crew_11506,Flt_100293,0
Crew_11507,Flt_100723,0
Crew_11508,Flt_101008,0
Crew_11508,Flt_101088,0
Crew_11508,grd_100099,0
Crew_11508,grd_100673,0
Crew_11508,grd_100416,0
Crew_11508,grd_100510,0
Crew_11508,grd_100256,0
Crew_11509,Flt_102320,0
Crew_11510,Flt_102435,0
Crew_11510,Flt_105018,0
Crew_11510,grd_100174,0
Crew_11510,grd_100125,0
Crew_11510,grd_100667,0
Crew_11510,grd_100650,0
Crew_11510,grd_100323,0
Crew_11510,ddh_101609,1
Crew_11511,grd_100488,0
Crew_11511,grd_100403,0
Crew_11511,grd_100599,0
Crew_11511,grd_100508,0
Crew_11511,grd_100528,0
Crew_11511,grd_100619,0
Crew_11511,grd_100191,0
Crew_11511,grd_100268,0
Crew_11511,grd_100679,0
Crew_11511,grd_100109,0
Crew_11511,grd_100126,0
Crew_11511,grd_100523,0
Crew_11512,Flt_102051,0
Crew_11512,Flt_100657,0
Crew_11512,Flt_100082,0
Crew_11512,Flt_103191,0
Crew_11512,Flt_109353,0
Crew_11512,Flt_103935,0
Crew_11512,Flt_107941,0
Crew_11512,grd_100195,0
Crew_11512,grd_100196,0
Crew_11512,grd_100103,0
Crew_11512,grd_100568,0
Crew_11513,Flt_101340,0
Crew_11513,Flt_101837,0
Crew_11513,grd_100207,0
Crew_11513,ddh_101994,1
Crew_11513,ddh_101235,1
Crew_11513,grd_100601,0
Crew_11513,grd_100651,0
Crew_11517,Flt_101138,0
Crew_11517,Flt_101376,0
Crew_11517,Flt_101155,0
Crew_11517,Flt_100105,0
Crew_11518,Flt_101973,0
Crew_11518,Flt_102034,0
Crew_11518,Flt_102040,0
Crew_11518,Flt_101247,0
Crew_11518,Flt_112561,0
Crew_11518,Flt_104235,0
Crew_11518,Flt_111457,0
Crew_11518,Flt_110093,0
Crew_11518,Flt_110464,0
Crew_11518,Flt_111562,0
Crew_11518,Flt_111563,0
Crew_11519,Flt_101398,0
Crew_11525,Flt_102053,0
Crew_11525,Flt_100051,0
Crew_11525,Flt_100473,0
Crew_11525,Flt_100434,0
Crew_11525,Flt_100631,0
Crew_11526,Flt_100538,0
Crew_11526,Flt_111102,0
Crew_11526,Flt_103899,0
Crew_11526,Flt_105737,0
Crew_11533,Flt_101041,0
Crew_11533,Flt_100017,0
Crew_11533,Flt_109337,0
Crew_11533,Flt_111112,0
Crew_11533,Flt_108288,0
Crew_11543,Flt_100468,0
Crew_11543,Flt_100253,0
Crew_11543,grd_100483,0
Crew_11543,grd_100446,0
Crew_11558,Flt_106859,0
Crew_11558,Flt_107194,0
Crew_11558,Flt_105065,0
Crew_11558,Flt_105446,0
Crew_11558,Flt_112654,0
Crew_11558,Flt_106572,0
Crew_11558,grd_100515,0
Crew_11558,grd_100147,0
Crew_11558,grd_100179,0
Crew_11559,Flt_100246,0
Crew_11559,Flt_108645,0
Crew_11559,Flt_104987,0
Crew_11559,Flt_104613,0
Crew_11559,Flt_104316,0
Crew_11559,Flt_105059,0
Crew_11559,Flt_105459,0
Crew_11559,Flt_106564,0
Crew_11559,Flt_108357,0
Crew_11562,grd_100616,0
Crew_11562,grd_100454,0
Crew_11562,grd_100629,0
Crew_11562,grd_100407,0
Crew_11562,grd_100428,0
Crew_11562,ddh_101106,1
Crew_11566,Flt_100221,0
Crew_11566,Flt_100077,0
Crew_11566,Flt_105103,0
Crew_11566,Flt_113753,0
Crew_11570,Flt_101365,0
Crew_11587,Flt_100988,0
Crew_11587,Flt_100053,0
Crew_11587,Flt_101972,0
Crew_11587,Flt_106858,0
Crew_11587,Flt_110743,0
Crew_11630,Flt_101916,0
Crew_11631,Flt_101715,0
Crew_11631,Flt_100266,0
Crew_11631,Flt_101573,0
Crew_11632,Flt_103157,0
Crew_11632,Flt_102401,0
Crew_11632,Flt_103172,0
Crew_11633,Flt_111845,0
Crew_11633,Flt_104258,0
Crew_11633,Flt_104743,0
Crew_11633,Flt_103254,0
Crew_11633,Flt_107994,0
Crew_11633,Flt_102496,0
Crew_11633,Flt_112296,0
Crew_11634,Flt_103184,0
Crew_11634,Flt_105789,0
Crew_11634,Flt_105448,0
Crew_11634,Flt_104700,0
Crew_11636,Flt_100512,0
Crew_11636,Flt_100886,0
Crew_11636,Flt_108623,0
Crew_11636,Flt_110742,0
Crew_11636,Flt_107916,0
Crew_11637,Flt_104639,0
Crew_11637,Flt_110463,0
Crew_11637,Flt_110480,0
Crew_11637,Flt_103631,0
Crew_11637,Flt_113046,0
Crew_11637,Flt_105485,0
Crew_11638,Flt_100913,0
Crew_11638,Flt_100423,0
Crew_11638,grd_100095,0
Crew_11638,grd_100527,0
Crew_11638,grd_100475,0
Crew_11638,ddh_100016,1
Crew_11638,ddh_100116,1
Crew_11638,grd_100194,0
Crew_11638,ddh_101880,1
Crew_11639,Flt_107993,0
Crew_11639,Flt_110414,0
Crew_11639,Flt_107600,0
Crew_11639,Flt_110101,0
Crew_11640,Flt_112947,0
Crew_11640,Flt_111132,0
Crew_11640,grd_100449,0
Crew_11651,Flt_101201,0
Crew_11651,Flt_101212,0
Crew_11651,Flt_100836,0
Crew_11651,Flt_102176,0
Crew_11651,Flt_100207,0
Crew_11651,Flt_100139,0
Crew_11651,Flt_101316,0
Crew_11655,Flt_102498,0
Crew_11655,Flt_104715,0
Crew_11655,Flt_107647,0
Crew_11655,Flt_102876,0
Crew_11655,Flt_106932,0
Crew_11655,Flt_106221,0
Crew_11655,grd_100101,0
Crew_11655,grd_100283,0
Crew_11655,grd_100169,0
Crew_11656,Flt_100012,0
Crew_11656,Flt_101505,0
Crew_11663,Flt_103229,0
Crew_11663,Flt_109749,0
Crew_11663,Flt_103599,0
Crew_11663,Flt_112273,0
Crew_11663,grd_100347,0
Crew_11663,grd_100286,0
Crew_11663,grd_100236,0
Crew_11664,Flt_101543,0
Crew_11664,Flt_101686,0
Crew_11664,Flt_101079,0
Crew_11664,Flt_101578,0
Crew_11664,grd_100583,0
Crew_11664,grd_100604,0
Crew_11664,grd_100395,0
Crew_11664,grd_100480,0
Crew_11664,grd_100240,0
Crew_11665,Flt_100116,0
Crew_11665,Flt_100373,0
Crew_11665,grd_100171,0
Crew_11665,grd_100222,0
Crew_11665,grd_100215,0
Crew_11665,ddh_100017,1
Crew_11665,ddh_100117,1
Crew_11667,Flt_101423,0
Crew_11674,Flt_102126,0
Crew_11674,Flt_102127,0
Crew_11674,Flt_111107,0
Crew_11674,Flt_111108,0
Crew_11674,Flt_111202,0
Crew_11674,Flt_105829,0
Crew_11674,Flt_103247,0
Crew_11674,Flt_103270,0
Crew_11674,grd_100647,0
Crew_11676,Flt_102432,0
Crew_11676,Flt_102809,0
Crew_11676,Flt_107588,0
Crew_11676,Flt_113670,0
Crew_11676,Flt_103972,0
Crew_11678,Flt_103179,0
Crew_11678,Flt_106835,0
Crew_11678,Flt_110882,0
Crew_11678,Flt_104357,0
Crew_11678,Flt_112676,0
Crew_11680,Flt_100598,0
Crew_11693,Flt_101840,0
Crew_11693,Flt_102199,0
Crew_11693,Flt_101042,0
Crew_11693,Flt_102272,0
Crew_11694,Flt_100620,0
Crew_11694,Flt_100487,0
Crew_11694,Flt_107664,0
Crew_11694,Flt_104693,0
Crew_11694,Flt_109784,0
Crew_11694,Flt_106951,0
Crew_11694,Flt_111149,0
Crew_11698,Flt_100521,0
Crew_11698,Flt_100395,0
Crew_11698,Flt_102245,0
Crew_11698,Flt_100824,0
Crew_11698,Flt_113282,0
Crew_11704,Flt_101181,0
Crew_11704,grd_100310,0
Crew_11704,grd_100603,0
Crew_11704,grd_100272,0
Crew_11704,grd_100669,0
Crew_11704,grd_100296,0
Crew_11709,Flt_101714,0
Crew_11709,Flt_101976,0
Crew_11709,Flt_103984,0
Crew_11709,Flt_108293,0
Crew_11709,Flt_102859,0
Crew_11709,Flt_105817,0
Crew_11710,Flt_113346,0
Crew_11710,Flt_104308,0
Crew_11710,Flt_111940,0
Crew_11710,Flt_109454,0
Crew_11712,Flt_111965,0
Crew_11712,Flt_105871,0
Crew_11712,Flt_109758,0
Crew_11719,Flt_102291,0
Crew_11721,Flt_102197,0
Crew_11728,Flt_109049,0
Crew_11728,Flt_109759,0
Crew_11728,Flt_109464,0
Crew_11728,Flt_113051,0
Crew_11728,Flt_102890,0
Crew_11728,Flt_106955,0
Crew_11728,grd_100315,0
Crew_11732,Flt_101337,0
Crew_11733,Flt_113751,0
Crew_11733,Flt_112315,0
Crew_11739,Flt_102142,0
Crew_11739,Flt_102213,0
Crew_11739,Flt_102439,0
Crew_11739,Flt_111484,0
Crew_11739,Flt_106508,0
Crew_11740,Flt_103549,0
Crew_11740,Flt_110120,0
Crew_11740,Flt_111578,0
Crew_11740,Flt_104732,0
Crew_11740,Flt_113746,0
Crew_11740,Flt_107283,0
Crew_11743,Flt_102138,0
Crew_11743,Flt_105398,0
Crew_11743,Flt_111879,0
Crew_11743,Flt_111515,0
Crew_11743,Flt_103217,0
Crew_11744,Flt_100841,0
Crew_11744,Flt_100904,0
Crew_11744,grd_100038,0
Crew_11744,ddh_101102,1
Crew_11746,Flt_100879,0
Crew_11746,Flt_101920,0
Crew_11746,Flt_100039,0
Crew_11746,Flt_100569,0
Crew_11746,Flt_100152,0
Crew_11748,Flt_102470,0
Crew_11748,Flt_107613,0
Crew_11748,Flt_112264,0
Crew_11748,grd_100353,0
Crew_11748,ddh_101490,1
Crew_11748,ddh_101237,1
Crew_11751,Flt_101135,0
Crew_11751,Flt_101136,0
Crew_11751,Flt_101100,0
Crew_11751,Flt_102250,0
Crew_11751,Flt_100027,0
Crew_11751,Flt_100015,0
Crew_11751,Flt_100383,0
Crew_11752,Flt_104231,0
Crew_11752,Flt_108963,0
Crew_11752,Flt_102494,0
Crew_11752,Flt_110854,0
Crew_11752,Flt_113030,0
Crew_11752,Flt_109063,0
Crew_11752,Flt_112660,0
Crew_11753,grd_100404,0
Crew_11753,grd_100539,0
Crew_11753,grd_100042,0
Crew_11753,grd_100664,0
Crew_11753,grd_100521,0
Crew_11753,ddh_100218,1
Crew_11763,grd_100188,0
Crew_11763,grd_100580,0
Crew_11763,grd_100027,0
Crew_11763,grd_100501,0
Crew_11763,ddh_100068,1
Crew_11763,ddh_100148,1
Crew_11763,ddh_100777,1
Crew_11769,Flt_106195,0
Crew_11769,Flt_112980,0
Crew_11769,Flt_108309,0
Crew_11770,Flt_102310,0
Crew_11770,Flt_100123,0
Crew_11770,Flt_101809,0
Crew_11775,Flt_102019,0
Crew_11775,Flt_100994,0
Crew_11775,Flt_102078,0
Crew_11775,Flt_101294,0
Crew_11776,grd_100271,0
Crew_11776,grd_100366,0
Crew_11776,grd_100424,0
Crew_11776,grd_100571,0
Crew_11776,ddh_101551,1
Crew_11776,ddh_102060,1
Crew_11776,ddh_100069,1
Crew_11776,ddh_100149,1
Crew_11776,ddh_101058,1
Crew_11778,Flt_100486,0
Crew_11778,Flt_100778,0
Crew_11778,grd_100002,0
Crew_11778,grd_100107,0
Crew_11778,grd_100338,0
Crew_11781,grd_100334,0
Crew_11781,grd_100422,0
Crew_11781,grd_100190,0
Crew_11781,grd_100254,0
Crew_11781,grd_100594,0
Crew_11785,Flt_106147,0
Crew_11785,Flt_112953,0
Crew_11785,Flt_107629,0
Crew_11785,Flt_104320,0
Crew_11785,Flt_106549,0
Crew_11786,Flt_101815,0
Crew_11786,Flt_100955,0
Crew_11786,Flt_112655,0
Crew_11786,Flt_104717,0
Crew_11786,Flt_111539,0
Crew_11786,Flt_103997,0
Crew_11787,Flt_103924,0
Crew_11787,Flt_106839,0
Crew_11787,Flt_106570,0
Crew_11787,Flt_109430,0
Crew_11787,Flt_107284,0
Crew_11791,Flt_112946,0
Crew_11792,Flt_107228,0
Crew_11792,Flt_106205,0
Crew_11792,Flt_107674,0
Crew_11795,Flt_108019,0
Crew_11795,Flt_107678,0
Crew_11796,Flt_102292,0
Crew_11796,Flt_101309,0
Crew_11796,Flt_102090,0
Crew_11796,Flt_100628,0
Crew_11796,Flt_101270,0
Crew_11796,Flt_100675,0
Crew_11796,Flt_100584,0
Crew_11796,Flt_100660,0
Crew_11797,grd_100553,0
Crew_11797,grd_100427,0
Crew_11797,grd_100389,0
Crew_11797,grd_100390,0
Crew_11797,ddh_100067,1
Crew_11807,Flt_102405,0
Crew_11807,Flt_109697,0
Crew_11809,Flt_101104,0
Crew_11809,Flt_102188,0
Crew_11809,grd_100460,0
Crew_11809,grd_100668,0
Crew_11809,grd_100591,0
Crew_11809,ddh_101611,1
Crew_11809,ddh_100554,1
Crew_11809,ddh_100492,1
Crew_11809,ddh_100343,1
Crew_11809,ddh_101735,1
Crew_11809,ddh_101862,1
Crew_11815,Flt_100491,0
Crew_11815,Flt_101559,0
Crew_11815,Flt_100334,0
Crew_11830,Flt_111479,0
Crew_11830,Flt_109426,0
Crew_11830,Flt_104281,0
Crew_11846,Flt_102275,0
Crew_11846,Flt_101700,0
Crew_11855,grd_100579,0
Crew_11855,grd_100467,0
Crew_11855,grd_100260,0
Crew_11855,grd_100300,0
Crew_11855,ddh_100027,1
Crew_11857,grd_100538,0
Crew_11857,grd_100498,0
Crew_11857,grd_100267,0
Crew_11857,grd_100149,0
Crew_11857,ddh_102097,1
Crew_11859,Flt_101360,0
Crew_11859,Flt_100403,0
Crew_11860,Flt_101582,0
Crew_11860,Flt_104631,0
Crew_11860,Flt_109787,0
Crew_11860,Flt_106943,0
Crew_11861,Flt_100510,0
Crew_11861,Flt_101436,0
Crew_11861,Flt_101650,0
Crew_11861,Flt_100921,0
Crew_11861,Flt_101303,0
Crew_11861,grd_100308,0
Crew_11861,ddh_101155,1
Crew_11862,Flt_100343,0
Crew_11862,Flt_101132,0
Crew_11862,Flt_101439,0
Crew_11876,Flt_102396,0
Crew_11876,Flt_113616,0
Crew_11876,Flt_106571,0
Crew_11876,Flt_108699,0
Crew_11876,Flt_104351,0
Crew_11905,grd_100132,0
Crew_11905,grd_100546,0
Crew_11905,grd_100620,0
Crew_11905,grd_100400,0
Crew_11905,ddh_100087,1
Crew_11945,Flt_101342,0
Crew_11945,Flt_101641,0
Crew_11945,Flt_100606,0
Crew_11946,Flt_100366,0
Crew_11946,Flt_100517,0
Crew_11946,Flt_102429,0
Crew_11946,Flt_107681,0
Crew_11950,Flt_100616,0
Crew_11950,Flt_102077,0
Crew_11950,Flt_100911,0
Crew_11950,Flt_100541,0
Crew_11954,Flt_100799,0
Crew_11954,Flt_106950,0
Crew_11954,Flt_113045,0
Crew_11957,Flt_111537,0
Crew_11957,Flt_109438,0
Crew_11957,Flt_102502,0
Crew_11957,Flt_106575,0
Crew_11974,Flt_100024,0
Crew_11974,Flt_104271,0
Crew_11974,Flt_102486,0
Crew_11974,Flt_109411,0
Crew_11974,Flt_105864,0
Crew_11974,Flt_111961,0
Crew_11988,Flt_101260,0
Crew_11988,Flt_100453,0
Crew_11988,Flt_111456,0
Crew_11988,Flt_113270,0
Crew_11988,Flt_103155,0
Crew_11988,Flt_108622,0
Crew_11989,Flt_101431,0
Crew_11989,Flt_100249,0
Crew_11989,Flt_100706,0
Crew_11989,Flt_102020,0
Crew_11989,Flt_100276,0
Crew_11989,Flt_100776,0
Crew_11989,Flt_101229,0
Crew_11989,Flt_100309,0
Crew_11989,Flt_100228,0
Crew_11995,Flt_101731,0
Crew_11995,Flt_102233,0
Crew_11995,Flt_100498,0
Crew_11995,Flt_100374,0
Crew_11995,Flt_100859,0
Crew_11995,Flt_102329,0
Crew_12007,Flt_104677,0
Crew_12007,Flt_103583,0
Crew_12007,Flt_112625,0
Crew_12009,Flt_100236,0
Crew_12009,Flt_112308,0
Crew_12009,Flt_111188,0
Crew_12009,Flt_110858,0
Crew_12009,Flt_107660,0
Crew_12009,Flt_103269,0
Crew_12010,Flt_112299,0
Crew_12010,Flt_110862,0
Crew_12010,Flt_113037,0
Crew_12011,grd_100142,0
Crew_12011,grd_100683,0
Crew_12011,grd_100507,0
Crew_12011,grd_100621,0
Crew_12011,ddh_100524,1
Crew_12013,Flt_101871,0
Crew_12013,Flt_102228,0
Crew_12013,Flt_100368,0
Crew_12013,Flt_101018,0
Crew_12013,Flt_101586,0
Crew_12015,Flt_105004,0
Crew_12021,Flt_101349,0
Crew_12021,Flt_101187,0
Crew_12022,Flt_106957,0
Crew_12022,Flt_102530,0
Crew_12022,Flt_103943,0
Crew_12022,Flt_106517,0
Crew_12022,Flt_110407,0
Crew_12022,Flt_104285,0
Crew_12035,Flt_100980,0
Crew_12035,grd_100672,0
Crew_12035,ddh_100065,1
Crew_12035,ddh_100145,1
Crew_12035,ddh_102162,1
Crew_12037,Flt_100568,0
Crew_12037,Flt_101598,0
Crew_12037,Flt_100304,0
Crew_12038,Flt_104007,0
Crew_12038,Flt_110876,0
Crew_12039,Flt_109739,0
Crew_12042,Flt_100555,0
Crew_12042,Flt_101235,0
Crew_12042,Flt_102423,0
Crew_12042,Flt_102797,0
Crew_12042,Flt_113642,0
Crew_12042,Flt_105386,0
Crew_12044,Flt_100003,0
Crew_12044,Flt_100855,0
Crew_12046,Flt_101194,0
Crew_12046,Flt_100964,0
Crew_12046,Flt_102084,0
Crew_12046,Flt_100917,0
Crew_12046,Flt_100294,0
Crew_12046,Flt_100127,0
Crew_12052,grd_100198,0
Crew_12052,grd_100041,0
Crew_12052,ddh_101266,1
Crew_12052,ddh_102250,1
Crew_12052,ddh_101902,1
Crew_12056,Flt_106166,0
Crew_12056,Flt_112239,0
Crew_12056,Flt_103262,0
Crew_12058,Flt_101780,0
Crew_12058,Flt_101350,0
Crew_12058,Flt_100961,0
Crew_12058,Flt_100895,0
Crew_12058,Flt_101123,0
Crew_12058,Flt_102285,0
Crew_12058,Flt_100108,0
Crew_12060,Flt_111211,0
Crew_12060,Flt_103622,0
Crew_12062,Flt_110460,0
Crew_12062,Flt_108011,0
Crew_12064,Flt_105774,0
Crew_12064,Flt_113653,0
Crew_12064,Flt_107900,0
Crew_12069,Flt_102301,0
Crew_12069,Flt_101287,0
Crew_12069,Flt_100371,0
Crew_12069,Flt_100891,0
Crew_12069,Flt_104621,0
Crew_12069,Flt_105760,0
Crew_12069,Flt_112941,0
Crew_12073,Flt_108999,0
Crew_12075,Flt_101437,0
Crew_12075,Flt_100837,0
Crew_12075,Flt_100729,0
Crew_12075,Flt_102249,0
Crew_12075,Flt_100500,0
Crew_12081,Flt_100283,0
Crew_12081,Flt_100435,0
Crew_12083,Flt_102221,0
Crew_12083,Flt_101208,0
Crew_12086,Flt_107260,0
Crew_12086,Flt_107992,0
Crew_12093,Flt_101369,0
Crew_12093,Flt_102002,0
Crew_12093,Flt_102024,0
Crew_12093,Flt_102089,0
Crew_12093,Flt_102098,0
Crew_12093,Flt_100805,0
Crew_12093,Flt_100004,0
Crew_12093,Flt_102041,0
Crew_12094,Flt_103930,0
Crew_12094,Flt_106149,0
Crew_12094,Flt_107952,0
Crew_12094,Flt_104289,0
Crew_12094,Flt_105843,0
Crew_12094,Flt_112667,0
Crew_12097,Flt_113278,0
Crew_12100,Flt_105382,0
Crew_12111,grd_100212,0
Crew_12111,grd_100526,0
Crew_12111,grd_100133,0
Crew_12111,ddh_100955,1
Crew_12111,Flt_101818,0
Crew_12111,Flt_101116,0
Crew_12111,Flt_101117,0
Crew_12113,Flt_107944,0
Crew_12113,Flt_108291,0
Crew_12115,Flt_109033,0
Crew_12115,Flt_112624,0
Crew_12115,Flt_105484,0
Crew_12115,Flt_113364,0
Crew_12115,Flt_110479,0
Crew_12119,Flt_103929,0
Crew_12121,Flt_100417,0
Crew_12125,Flt_102192,0
Crew_12125,Flt_102048,0
Crew_12125,grd_100259,0
Crew_12125,ddh_100035,1
Crew_12125,ddh_100135,1
Crew_12125,ddh_100026,1
Crew_12125,ddh_100126,1
Crew_12125,ddh_102251,1
Crew_12126,Flt_112223,0
Crew_12127,Flt_101280,0
Crew_12127,Flt_100251,0
Crew_12127,Flt_100683,0
Crew_12127,Flt_100545,0
Crew_12127,Flt_100760,0
Crew_12128,Flt_100673,0
Crew_12128,Flt_100323,0
Crew_12128,Flt_100346,0
Crew_12128,Flt_100905,0
Crew_12128,Flt_101004,0
Crew_12128,Flt_100547,0
Crew_12132,Flt_110478,0
Crew_12132,Flt_106232,0
Crew_12132,Flt_110884,0
Crew_12132,Flt_106233,0
Crew_12133,Flt_101517,0
Crew_12133,Flt_101919,0
Crew_12133,Flt_105011,0
Crew_12133,Flt_112645,0
Crew_12133,Flt_110855,0
Crew_12134,Flt_101888,0
Crew_12135,Flt_100704,0
Crew_12136,Flt_101676,0
Crew_12136,Flt_101026,0
Crew_12136,Flt_100549,0
Crew_12136,Flt_100061,0
Crew_12136,Flt_100920,0
Crew_12136,Flt_100130,0
Crew_12138,Flt_101034,0
Crew_12138,Flt_101516,0
Crew_12138,Flt_100622,0
Crew_12138,Flt_102116,0
Crew_12138,Flt_101904,0
Crew_12138,Flt_101978,0
Crew_12141,Flt_107971,0
Crew_12141,Flt_105813,0
Crew_12141,Flt_112638,0
Crew_12141,Flt_104319,0
Crew_12141,Flt_103244,0
Crew_12144,Flt_101227,0
Crew_12144,Flt_101150,0
Crew_12144,Flt_100240,0
Crew_12144,Flt_102215,0
Crew_12144,Flt_101124,0
Crew_12144,Flt_101055,0
Crew_12145,Flt_100864,0
Crew_12145,Flt_103934,0
Crew_12145,Flt_109331,0
Crew_12145,Flt_111189,0
Crew_12145,Flt_103296,0
Crew_12145,Flt_106869,0
Crew_12145,Flt_106198,0
Crew_12145,Flt_108333,0
Crew_12146,Flt_100411,0
Crew_12146,Flt_100602,0
Crew_12148,Flt_101191,0
Crew_12148,Flt_111141,0
Crew_12148,Flt_106169,0
Crew_12148,Flt_105800,0
Crew_12148,Flt_103600,0
Crew_12148,Flt_111898,0
Crew_12148,Flt_112263,0
Crew_12148,Flt_108334,0
Crew_12162,Flt_100572,0
Crew_12162,Flt_100214,0
Crew_12183,Flt_101302,0
Crew_12183,Flt_101130,0
Crew_12183,Flt_108632,0
Crew_12183,Flt_109355,0
Crew_12183,Flt_110863,0
Crew_12183,Flt_105067,0
Crew_12188,Flt_100426,0
Crew_12188,Flt_113304,0
Crew_12188,Flt_110058,0
Crew_12189,Flt_112639,0
Crew_12190,grd_100231,0
Crew_12190,grd_100473,0
Crew_12190,ddh_100045,1
Crew_12190,Flt_100803,0
Crew_12190,Flt_101411,0
Crew_12193,grd_100297,0
Crew_12193,grd_100582,0
Crew_12193,ddh_100183,1
Crew_12193,ddh_101415,1
Crew_12193,Flt_100397,0
Crew_12193,Flt_100967,0
Crew_12194,Flt_107307,0
Crew_12194,Flt_109466,0
Crew_12194,Flt_108704,0
Crew_12194,Flt_107646,0
Crew_12195,Flt_101781,0
Crew_12195,Flt_101408,0
Crew_12196,Flt_103980,0
Crew_12196,Flt_111912,0
Crew_12196,Flt_104687,0
Crew_12196,Flt_102478,0
Crew_12196,Flt_105819,0
Crew_12196,Flt_107263,0
Crew_12197,Flt_107636,0
Crew_12197,Flt_103608,0
Crew_12197,Flt_105845,0
Crew_12197,Flt_111946,0
Crew_12197,Flt_105412,0
Crew_12199,Flt_101264,0
Crew_12199,Flt_101072,0
Crew_12199,Flt_101399,0
Crew_12199,Flt_107997,0
Crew_12199,Flt_103256,0
Crew_12205,Flt_108000,0
Crew_12205,Flt_106577,0
Crew_12209,Flt_110119,0
Crew_12209,Flt_103630,0
Crew_12216,Flt_108021,0
Crew_12217,Flt_105098,0
Crew_12222,Flt_101548,0
Crew_12222,Flt_100817,0
Crew_12229,Flt_104728,0
Crew_12229,Flt_109079,0
Crew_12229,Flt_104729,0
Crew_12243,Flt_101241,0
Crew_12243,Flt_102033,0
Crew_12243,Flt_105104,0
Crew_12243,Flt_110468,0
Crew_12243,Flt_109091,0
Crew_12258,Flt_100857,0
Crew_12258,Flt_100215,0
Crew_12258,Flt_101416,0
Crew_12323,grd_100306,0
Crew_12323,ddh_100064,1
Crew_12323,Flt_101805,0
Crew_12323,Flt_100455,0
Crew_12323,Flt_101419,0
Crew_12336,Flt_102488,0
Crew_12337,Flt_101991,0
Crew_12337,Flt_100609,0
Crew_12337,Flt_101564,0
Crew_12337,Flt_100062,0
Crew_12337,Flt_100551,0
Crew_12337,Flt_101249,0
Crew_12338,Flt_100476,0
Crew_12338,Flt_102241,0
Crew_12338,Flt_108692,0
Crew_12338,Flt_111192,0
Crew_12338,Flt_107986,0
Crew_12359,Flt_105783,0
Crew_12359,Flt_111576,0
Crew_12360,Flt_106515,0
Crew_12360,Flt_102448,0
Crew_12361,Flt_102094,0
Crew_12361,Flt_100722,0
Crew_12364,Flt_101199,0
Crew_12364,Flt_100463,0
Crew_12364,Flt_101336,0
Crew_12364,Flt_108971,0
Crew_12364,Flt_111466,0
Crew_12364,Flt_105028,0
Crew_12364,Flt_109766,0
Crew_12364,Flt_113365,0
Crew_12364,Flt_113049,0
Crew_12365,Flt_100315,0
Crew_12365,Flt_101617,0
Crew_12365,Flt_110036,0
Crew_12365,Flt_107925,0
Crew_12372,Flt_101278,0
Crew_12372,Flt_100169,0
Crew_12372,Flt_100180,0
Crew_12372,Flt_100676,0
Crew_12372,Flt_100755,0
Crew_12373,grd_100346,0
Crew_12373,ddh_100185,1
Crew_12373,Flt_102086,0
Crew_12373,Flt_101814,0
Crew_12393,Flt_106154,0
Crew_12393,Flt_107573,0
Crew_12393,Flt_106525,0
Crew_12393,Flt_106872,0
Crew_12393,Flt_110804,0
Crew_12404,Flt_108303,0
Crew_12405,Flt_100667,0
Crew_12405,Flt_112572,0
Crew_12405,Flt_113636,0
Crew_12405,Flt_107648,0
Crew_12405,Flt_111941,0
Crew_12410,grd_100418,0
Crew_12410,ddh_102209,1
Crew_12410,ddh_100998,1
Crew_12410,ddh_100184,1
Crew_12410,ddh_102140,1
Crew_12410,ddh_100066,1
Crew_12410,Flt_100887,0
Crew_12410,Flt_101426,0
Crew_12414,Flt_104275,0
Crew_12414,Flt_107230,0
Crew_12414,Flt_110841,0
Crew_12414,Flt_111909,0
Crew_12414,Flt_112610,0
Crew_12420,Flt_101503,0
Crew_12420,Flt_101216,0
Crew_12420,Flt_100295,0
Crew_12420,Flt_100927,0
Crew_12420,Flt_100318,0
Crew_12420,Flt_100963,0
Crew_12420,Flt_103189,0
Crew_12420,Flt_107193,0
Crew_12420,Flt_108387,0
Crew_12426,grd_100490,0
Crew_12426,ddh_101005,1
Crew_12426,Flt_100552,0
Crew_12427,grd_100570,0
Crew_12427,ddh_102124,1
Crew_12427,ddh_100942,1
Crew_12427,Flt_100409,0
Crew_12427,Flt_101720,0
Crew_12430,Flt_100540,0
Crew_12430,Flt_100268,0
Crew_12430,Flt_102191,0
Crew_12430,Flt_100312,0
Crew_12430,Flt_107229,0
Crew_12430,Flt_102441,0
Crew_12430,Flt_112956,0
Crew_12430,Flt_103551,0
Crew_12431,Flt_106819,0
Crew_12431,Flt_106820,0
Crew_12431,Flt_106891,0
Crew_12431,Flt_109406,0
Crew_12431,Flt_108002,0
Crew_12433,grd_100608,0
Crew_12433,ddh_100639,1
Crew_12433,Flt_101709,0
Crew_12440,Flt_106827,0
Crew_12440,Flt_109339,0
Crew_12440,Flt_113728,0
Crew_12440,Flt_111565,0
Crew_12440,Flt_104663,0
Crew_12440,Flt_109382,0
Crew_12442,Flt_100124,0
Crew_12442,Flt_100197,0
Crew_12442,Flt_100643,0
Crew_12442,Flt_100447,0
Crew_12442,Flt_101098,0
Crew_12442,Flt_101589,0
Crew_12443,Flt_113336,0
Crew_12443,Flt_106910,0
Crew_12443,Flt_106168,0
Crew_12443,Flt_109011,0
Crew_12445,Flt_100402,0
Crew_12445,Flt_101372,0
Crew_12445,Flt_100389,0
Crew_12447,Flt_100564,0
Crew_12447,Flt_100213,0
Crew_12447,Flt_100172,0
Crew_12447,Flt_102283,0
Crew_12447,Flt_104604,0
Crew_12447,Flt_106838,0
Crew_12447,Flt_105849,0
Crew_12448,Flt_105471,0
Crew_12448,Flt_107656,0
Crew_12448,Flt_113706,0
Crew_12448,Flt_102485,0
Crew_12449,Flt_111895,0
Crew_12449,Flt_106896,0
Crew_12450,Flt_110755,0
Crew_12450,Flt_103915,0
Crew_12450,Flt_107562,0
Crew_12451,Flt_101297,0
Crew_12453,grd_100152,0
Crew_12453,ddh_100725,1
Crew_12453,Flt_102172,0
Crew_12453,Flt_100431,0
Crew_12455,Flt_113006,0
Crew_12456,Flt_101292,0
Crew_12456,Flt_101572,0
Crew_12456,Flt_100784,0
Crew_12456,Flt_100204,0
Crew_12456,Flt_101233,0
Crew_12456,Flt_100661,0
Crew_12456,Flt_102054,0
Crew_12456,Flt_100155,0
Crew_12456,Flt_101473,0
Crew_12457,Flt_101305,0
Crew_12457,Flt_101450,0
Crew_12457,Flt_101756,0
Crew_12457,Flt_100969,0
Crew_12457,Flt_100970,0
Crew_12457,Flt_104236,0
Crew_12457,Flt_111829,0
Crew_12457,Flt_103906,0
Crew_12458,Flt_107268,0
Crew_12458,Flt_109760,0
Crew_12458,Flt_110845,0
Crew_12458,Flt_106553,0
Crew_12459,Flt_113359,0
Crew_12459,Flt_109074,0
Crew_12459,Flt_113312,0
Crew_12462,Flt_112300,0
Crew_12462,Flt_109068,0
Crew_12462,Flt_112658,0
Crew_12462,Flt_108702,0
Crew_12464,Flt_113707,0
Crew_12468,grd_100610,0
Crew_12468,ddh_100356,1
Crew_12468,Flt_101523,0
Crew_12481,Flt_100370,0
Crew_12481,Flt_101456,0
Crew_12481,Flt_101674,0
Crew_12481,Flt_101675,0
Crew_12481,Flt_105766,0
Crew_12481,Flt_104623,0
Crew_12482,Flt_101590,0
Crew_12482,Flt_100919,0
Crew_12482,Flt_101771,0
Crew_12482,Flt_102046,0
Crew_12482,Flt_101911,0
Crew_12482,Flt_101772,0
Crew_12486,Flt_100016,0
Crew_12486,Flt_101040,0
Crew_12489,grd_100612,0
Crew_12489,ddh_100004,1
Crew_12489,Flt_102027,0
Crew_12489,Flt_101306,0
Crew_12489,Flt_100630,0
Crew_12489,Flt_100362,0
Crew_12496,Flt_101554,0
Crew_12496,Flt_100596,0
Crew_12500,grd_100635,0
Crew_12500,ddh_101000,1
Crew_12500,Flt_102011,0
Crew_12500,Flt_102162,0
Crew_12501,Flt_107981,0
Crew_12503,grd_100644,0
Crew_12503,ddh_100074,1
Crew_12503,Flt_101213,0
Crew_12503,Flt_101232,0
Crew_12504,Flt_100717,0
Crew_12504,Flt_101265,0
Crew_12504,Flt_101192,0
Crew_12504,Flt_108264,0
Crew_12504,Flt_108355,0
Crew_12504,Flt_111177,0
Crew_12508,Flt_112653,0
Crew_12509,Flt_100727,0
Crew_12509,Flt_102330,0
Crew_12509,Flt_100167,0
Crew_12510,grd_100652,0
Crew_12510,ddh_100241,1
Crew_12510,ddh_101693,1
Crew_12514,Flt_102061,0
Crew_12514,Flt_102062,0
Crew_12514,Flt_101737,0
Crew_12514,Flt_101657,0
Crew_12517,grd_100025,0
Crew_12517,ddh_101722,1
Crew_12517,ddh_100716,1
Crew_12517,ddh_100075,1
Crew_12517,ddh_100155,1
Crew_12517,ddh_101831,1
Crew_12517,Flt_101262,0
Crew_12523,Flt_100610,0
Crew_12524,Flt_105795,0
Crew_12537,Flt_100174,0
Crew_12537,Flt_100984,0
Crew_12537,Flt_101395,0
Crew_12537,Flt_101962,0
Crew_12538,Flt_101109,0
Crew_12538,Flt_100151,0
Crew_12538,Flt_101956,0
Crew_12538,Flt_102243,0
Crew_12538,Flt_100428,0
Crew_12539,Flt_106194,0
Crew_12552,Flt_102206,0
Crew_12552,Flt_102207,0
Crew_12552,Flt_101569,0
Crew_12552,Flt_101219,0
Crew_12552,Flt_100844,0
Crew_12552,Flt_100537,0
Crew_12555,Flt_106901,0
Crew_12555,Flt_102512,0
Crew_12555,Flt_113358,0
Crew_12557,Flt_102316,0
Crew_12557,Flt_101007,0
Crew_12558,Flt_100690,0
Crew_12558,Flt_103521,0
Crew_12560,grd_100224,0
Crew_12560,ddh_100973,1
Crew_12560,Flt_100422,0
Crew_12580,Flt_101293,0
Crew_12580,Flt_102414,0
Crew_12580,Flt_111821,0
Crew_12582,grd_100682,0
Crew_12582,ddh_101819,1
Crew_12582,Flt_102236,0
Crew_12587,grd_100040,0
Crew_12587,ddh_101227,1
Crew_12587,ddh_100558,1
Crew_12605,Flt_101575,0
Crew_12605,Flt_101576,0
Crew_12605,Flt_101761,0
Crew_12605,Flt_101021,0
Crew_12605,Flt_101248,0
